timestamp,perclos,avg_eye_speed,avg_fixation,max_fixation,fixation_fatigue_flag
2025-11-02 12:42:24,0.0,0,0,0,0
2025-11-02 12:42:24,0.0,0,0,0,0
2025-11-02 12:42:24,0.0,0,0,0,0
2025-11-02 12:42:24,0.0,0,0,0,0
2025-11-02 12:42:24,0.0,0,0,0,0
2025-11-02 12:42:24,0.0,0,0,0,0
2025-11-02 12:42:24,0.0,0,0,0,0
2025-11-02 12:42:24,0.0,0,0,0,0
2025-11-02 12:42:24,11.11,0,0,0,0
2025-11-02 12:42:24,10.0,0,0,0,0
2025-11-02 12:42:24,9.09,0,0,0,0
2025-11-02 12:42:24,16.67,0,0,0,0
2025-11-02 12:42:24,23.08,0,0,0,0
2025-11-02 12:42:24,28.57,0,0,0,0
2025-11-02 12:42:25,33.33,0,0,0,0
2025-11-02 12:42:25,31.25,0,0,0,0
2025-11-02 12:42:25,29.41,0,0,0,0
2025-11-02 12:42:25,27.78,0,0,0,0
2025-11-02 12:42:25,26.32,0,0,0,0
2025-11-02 12:42:25,25.0,0,0,0,0
2025-11-02 12:42:25,23.81,0,0,0,0
2025-11-02 12:42:25,22.73,0,0,0,0
2025-11-02 12:42:25,21.74,0,0,0,0
2025-11-02 12:42:25,20.83,0,0,0,0
2025-11-02 12:42:25,20.0,0,0,0,0
2025-11-02 12:42:25,19.23,0,0,0,0
2025-11-02 12:42:25,18.52,0,0,0,0
2025-11-02 12:42:25,17.86,0,0,0,0
2025-11-02 12:42:25,17.24,0,0,0,0
2025-11-02 12:42:25,16.67,0,0,0,0
2025-11-02 12:42:25,16.13,0,0,0,0
2025-11-02 12:42:25,15.62,0,0,0,0
2025-11-02 12:42:25,15.15,0,0,0,0
2025-11-02 12:42:25,14.71,0,0,0,0
2025-11-02 12:42:25,14.29,0,0,0,0
2025-11-02 12:42:25,13.89,0,0,0,0
2025-11-02 12:42:25,13.51,0,0,0,0
2025-11-02 12:42:25,13.16,0,0,0,0
2025-11-02 12:42:25,12.82,0,0,0,0
2025-11-02 12:42:25,12.5,0,0,0,0
2025-11-02 12:42:25,12.2,0,0,0,0
2025-11-02 12:42:25,11.9,180.92,1.09,1.09,0
2025-11-02 12:42:25,11.63,91.88,1.09,1.09,0
2025-11-02 12:42:25,11.36,61.72,0.59,1.09,0
2025-11-02 12:42:26,11.11,69.44,0.31,1.09,0
2025-11-02 12:42:26,10.87,57.86,0.31,1.09,0
2025-11-02 12:42:26,10.64,57.86,0.31,1.09,0
2025-11-02 12:42:26,10.42,50.19,0.27,1.09,0
2025-11-02 12:42:26,12.24,50.19,0.27,1.09,0
2025-11-02 12:42:26,14.0,50.19,0.27,1.09,0
2025-11-02 12:42:26,13.73,39.63,0.24,1.09,0
2025-11-02 12:42:26,13.46,37.24,0.22,1.09,0
2025-11-02 12:42:26,13.21,34.12,0.19,1.09,0
2025-11-02 12:42:26,12.96,31.36,0.19,1.09,0
2025-11-02 12:42:26,12.73,29.27,0.18,1.09,0
2025-11-02 12:42:26,12.5,27.34,0.18,1.09,0
2025-11-02 12:42:26,12.28,25.58,0.18,1.09,0
2025-11-02 12:42:26,12.07,24.07,0.18,1.09,0
2025-11-02 12:42:26,11.86,22.83,0.18,1.09,0
2025-11-02 12:42:26,11.67,21.62,0.18,1.09,0
2025-11-02 12:42:26,11.48,20.59,0.18,1.09,0
2025-11-02 12:42:26,11.29,19.63,0.18,1.09,0
2025-11-02 12:42:26,11.11,18.8,0.18,1.09,0
2025-11-02 12:42:26,10.94,18.07,0.18,1.09,0
2025-11-02 12:42:26,10.77,17.41,0.17,1.09,0
2025-11-02 12:42:26,10.61,16.77,0.17,1.09,0
2025-11-02 12:42:26,10.45,16.15,0.16,1.09,0
2025-11-02 12:42:26,10.29,15.74,0.15,1.09,0
2025-11-02 12:42:26,10.14,15.19,0.15,1.09,0
2025-11-02 12:42:27,10.0,14.7,0.15,1.09,0
2025-11-02 12:42:27,9.86,14.3,0.15,1.09,0
2025-11-02 12:42:27,9.72,15.81,0.14,1.09,0
2025-11-02 12:42:27,9.59,17.65,0.14,1.09,0
2025-11-02 12:42:27,9.46,22.84,0.12,1.09,0
2025-11-02 12:42:27,9.33,24.24,0.12,1.09,0
2025-11-02 12:42:27,9.21,26.53,0.11,1.09,0
2025-11-02 12:42:27,10.39,26.53,0.11,1.09,0
2025-11-02 12:42:27,11.54,26.53,0.11,1.09,0
2025-11-02 12:42:27,12.66,26.53,0.11,1.09,0
2025-11-02 12:42:27,13.75,26.53,0.11,1.09,0
2025-11-02 12:42:27,13.58,29.79,0.11,1.09,0
2025-11-02 12:42:27,13.41,30.77,0.1,1.09,0
2025-11-02 12:42:27,13.25,31.67,0.1,1.09,0
2025-11-02 12:42:27,13.1,33.35,0.1,1.09,0
2025-11-02 12:42:27,12.94,32.71,0.09,1.09,0
2025-11-02 12:42:27,12.79,34.3,0.09,1.09,0
2025-11-02 12:42:27,13.79,34.3,0.09,1.09,0
2025-11-02 12:42:27,13.64,33.61,0.09,1.09,0
2025-11-02 12:42:27,13.48,33.01,0.09,1.09,0
2025-11-02 12:42:27,13.33,32.41,0.09,1.09,0
2025-11-02 12:42:27,13.19,31.88,0.09,1.09,0
2025-11-02 12:42:27,13.04,31.29,0.09,1.09,0
2025-11-02 12:42:28,12.9,30.77,0.09,1.09,0
2025-11-02 12:42:28,12.77,30.26,0.09,1.09,0
2025-11-02 12:42:28,12.63,29.75,0.09,1.09,0
2025-11-02 12:42:28,12.5,31.22,0.09,1.09,0
2025-11-02 12:42:28,12.37,30.77,0.08,1.09,0
2025-11-02 12:42:28,12.24,32.16,0.08,1.09,0
2025-11-02 12:42:28,12.12,32.65,0.08,1.09,0
2025-11-02 12:42:28,12.0,32.31,0.08,1.09,0
2025-11-02 12:42:28,11.88,31.85,0.08,1.09,0
2025-11-02 12:42:28,11.76,31.43,0.08,1.09,0
2025-11-02 12:42:28,11.65,32.88,0.07,1.09,0
2025-11-02 12:42:28,11.54,32.42,0.07,1.09,0
2025-11-02 12:42:28,12.38,32.42,0.07,1.09,0
2025-11-02 12:42:28,12.26,31.59,0.08,1.09,0
2025-11-02 12:42:28,13.08,31.59,0.08,1.09,0
2025-11-02 12:42:28,12.96,31.22,0.08,1.09,0
2025-11-02 12:42:28,13.76,31.22,0.08,1.09,0
2025-11-02 12:42:28,14.55,31.22,0.08,1.09,0
2025-11-02 12:42:28,14.41,30.86,0.08,1.09,0
2025-11-02 12:42:28,14.29,30.45,0.08,1.09,0
2025-11-02 12:42:29,15.04,30.45,0.08,1.09,0
2025-11-02 12:42:29,15.79,30.45,0.08,1.09,0
2025-11-02 12:42:29,16.52,30.45,0.08,1.09,0
2025-11-02 12:42:29,17.24,30.45,0.08,1.09,0
2025-11-02 12:42:29,17.09,30.16,0.08,1.09,0
2025-11-02 12:42:29,16.95,29.8,0.08,1.09,0
2025-11-02 12:42:29,16.81,29.44,0.08,1.09,0
2025-11-02 12:42:29,16.67,29.77,0.08,1.09,0
2025-11-02 12:42:29,16.53,30.45,0.08,1.09,0
2025-11-02 12:42:29,16.39,30.79,0.08,1.09,0
2025-11-02 12:42:29,16.26,32.09,0.08,1.09,0
2025-11-02 12:42:29,16.13,32.65,0.08,1.09,0
2025-11-02 12:42:29,16.0,32.91,0.08,1.09,0
2025-11-02 12:42:29,15.87,33.48,0.08,1.09,0
2025-11-02 12:42:29,15.75,33.67,0.08,1.09,0
2025-11-02 12:42:29,15.62,34.2,0.08,1.09,0
2025-11-02 12:42:29,15.5,34.2,0.08,1.09,0
2025-11-02 12:42:29,15.38,34.2,0.08,1.09,0
2025-11-02 12:42:30,15.27,33.87,0.08,1.09,0
2025-11-02 12:42:30,15.15,33.87,0.08,1.09,0
2025-11-02 12:42:30,15.04,33.87,0.08,1.09,0
2025-11-02 12:42:30,15.67,33.87,0.08,1.09,0
2025-11-02 12:42:30,15.56,33.53,0.08,1.09,0
2025-11-02 12:42:30,15.44,33.22,0.08,1.09,0
2025-11-02 12:42:30,15.33,32.94,0.08,1.09,0
2025-11-02 12:42:30,15.22,32.62,0.08,1.09,0
2025-11-02 12:42:30,15.11,32.35,0.08,1.09,0
2025-11-02 12:42:30,15.0,32.05,0.08,1.09,0
2025-11-02 12:42:30,14.89,32.05,0.08,1.09,0
2025-11-02 12:42:30,14.79,31.78,0.08,1.09,0
2025-11-02 12:42:30,14.69,31.78,0.08,1.09,0
2025-11-02 12:42:30,14.58,31.48,0.08,1.09,0
2025-11-02 12:42:30,14.48,31.48,0.08,1.09,0
2025-11-02 12:42:30,14.38,31.19,0.08,1.09,0
2025-11-02 12:42:30,14.29,31.19,0.08,1.09,0
2025-11-02 12:42:30,14.19,31.19,0.08,1.09,0
2025-11-02 12:42:30,14.09,31.19,0.08,1.09,0
2025-11-02 12:42:30,14.0,31.19,0.08,1.09,0
2025-11-02 12:42:30,13.91,31.19,0.08,1.09,0
2025-11-02 12:42:30,13.82,31.19,0.08,1.09,0
2025-11-02 12:42:30,13.73,31.19,0.08,1.09,0
2025-11-02 12:42:30,13.64,30.91,0.08,1.09,0
2025-11-02 12:42:30,13.55,30.49,0.08,1.09,0
2025-11-02 12:42:31,13.46,30.49,0.08,1.09,0
2025-11-02 12:42:31,13.38,30.37,0.08,1.09,0
2025-11-02 12:42:31,13.29,30.37,0.08,1.09,0
2025-11-02 12:42:31,13.21,30.1,0.08,1.09,0
2025-11-02 12:42:31,13.12,29.83,0.08,1.09,0
2025-11-02 12:42:31,13.04,29.83,0.08,1.09,0
2025-11-02 12:42:31,12.96,29.83,0.08,1.09,0
2025-11-02 12:42:31,12.88,29.83,0.08,1.09,0
2025-11-02 12:42:31,12.8,29.83,0.08,1.09,0
2025-11-02 12:42:31,12.73,29.83,0.08,1.09,0
2025-11-02 12:42:31,12.65,30.72,0.08,1.09,0
2025-11-02 12:42:31,12.57,30.72,0.08,1.09,0
2025-11-02 12:42:31,12.5,30.72,0.08,1.09,0
2025-11-02 12:42:31,12.43,30.72,0.08,1.09,0
2025-11-02 12:42:31,12.35,30.72,0.08,1.09,0
2025-11-02 12:42:31,12.28,30.44,0.08,1.09,0
2025-11-02 12:42:31,12.21,30.44,0.08,1.09,0
2025-11-02 12:42:31,12.14,30.44,0.08,1.09,0
2025-11-02 12:42:31,12.07,30.19,0.08,1.09,0
2025-11-02 12:42:31,12.0,30.19,0.08,1.09,0
2025-11-02 12:42:31,11.93,29.95,0.08,1.09,0
2025-11-02 12:42:31,11.86,30.13,0.09,1.09,0
2025-11-02 12:42:32,11.8,30.55,0.09,1.09,0
2025-11-02 12:42:32,11.73,30.31,0.09,1.09,0
2025-11-02 12:42:32,11.67,30.05,0.09,1.09,0
2025-11-02 12:42:32,11.6,29.8,0.09,1.09,0
2025-11-02 12:42:32,11.54,29.58,0.09,1.09,0
2025-11-02 12:42:32,11.48,29.35,0.09,1.09,0
2025-11-02 12:42:32,11.41,29.13,0.09,1.09,0
2025-11-02 12:42:32,11.35,28.91,0.09,1.09,0
2025-11-02 12:42:32,11.29,28.72,0.09,1.09,0
2025-11-02 12:42:32,11.23,28.53,0.09,1.09,0
2025-11-02 12:42:32,11.17,28.53,0.09,1.09,0
2025-11-02 12:42:32,11.11,28.33,0.09,1.09,0
2025-11-02 12:42:32,11.05,28.05,0.09,1.09,0
2025-11-02 12:42:32,10.99,27.96,0.09,1.09,0
2025-11-02 12:42:32,10.94,27.96,0.09,1.09,0
2025-11-02 12:42:32,10.88,27.76,0.09,1.09,0
2025-11-02 12:42:32,10.82,27.55,0.09,1.09,0
2025-11-02 12:42:33,10.77,27.55,0.09,1.09,0
2025-11-02 12:42:33,10.71,27.55,0.09,1.09,0
2025-11-02 12:42:33,10.66,27.38,0.09,1.09,0
2025-11-02 12:42:33,11.11,27.38,0.09,1.09,0
2025-11-02 12:42:33,11.06,27.2,0.09,1.09,0
2025-11-02 12:42:33,11.0,27.2,0.09,1.09,0
2025-11-02 12:42:33,10.95,27.2,0.09,1.09,0
2025-11-02 12:42:33,11.39,27.2,0.09,1.09,0
2025-11-02 12:42:33,11.33,27.2,0.09,1.09,0
2025-11-02 12:42:33,11.27,27.2,0.09,1.09,0
2025-11-02 12:42:33,11.22,27.2,0.09,1.09,0
2025-11-02 12:42:33,11.17,27.2,0.09,1.09,0
2025-11-02 12:42:33,11.11,27.2,0.09,1.09,0
2025-11-02 12:42:33,11.06,27.2,0.09,1.09,0
2025-11-02 12:42:33,11.0,27.2,0.09,1.09,0
2025-11-02 12:42:33,10.95,27.2,0.09,1.09,0
2025-11-02 12:42:33,10.9,27.2,0.09,1.09,0
2025-11-02 12:42:33,10.85,27.2,0.09,1.09,0
2025-11-02 12:42:33,10.8,27.2,0.09,1.09,0
2025-11-02 12:42:33,10.75,27.2,0.09,1.09,0
2025-11-02 12:42:33,10.7,27.2,0.09,1.09,0
2025-11-02 12:42:33,10.65,27.2,0.09,1.09,0
2025-11-02 12:42:33,10.6,27.2,0.09,1.09,0
2025-11-02 12:42:34,10.55,27.2,0.09,1.09,0
2025-11-02 12:42:34,10.5,27.05,0.1,1.09,0
2025-11-02 12:42:34,10.45,27.05,0.1,1.09,0
2025-11-02 12:42:34,10.41,27.05,0.1,1.09,0
2025-11-02 12:42:34,10.36,27.05,0.1,1.09,0
2025-11-02 12:42:34,10.31,27.05,0.1,1.09,0
2025-11-02 12:42:34,10.27,27.05,0.1,1.09,0
2025-11-02 12:42:34,10.22,27.05,0.1,1.09,0
2025-11-02 12:42:34,10.18,27.05,0.1,1.09,0
2025-11-02 12:42:34,10.13,26.86,0.1,1.09,0
2025-11-02 12:42:34,10.09,26.66,0.1,1.09,0
2025-11-02 12:42:34,10.04,26.66,0.1,1.09,0
2025-11-02 12:42:34,10.0,26.66,0.1,1.09,0
2025-11-02 12:42:34,9.96,26.88,0.1,1.09,0
2025-11-02 12:42:34,9.91,27.68,0.1,1.09,0
2025-11-02 12:42:34,9.87,27.68,0.1,1.09,0
2025-11-02 12:42:34,9.83,27.68,0.1,1.09,0
2025-11-02 12:42:34,9.79,27.68,0.1,1.09,0
2025-11-02 12:42:34,9.75,28.43,0.1,1.09,0
2025-11-02 12:42:34,9.7,28.43,0.1,1.09,0
2025-11-02 12:42:34,9.66,28.43,0.1,1.09,0
2025-11-02 12:42:34,9.62,28.43,0.1,1.09,0
2025-11-02 12:42:34,9.58,28.43,0.1,1.09,0
2025-11-02 12:42:34,9.54,29.17,0.1,1.09,0
2025-11-02 12:42:34,9.5,29.17,0.1,1.09,0
2025-11-02 12:42:35,9.47,29.51,0.1,1.09,0
2025-11-02 12:42:35,9.43,29.32,0.1,1.09,0
2025-11-02 12:42:35,9.39,29.32,0.1,1.09,0
2025-11-02 12:42:35,9.35,29.32,0.1,1.09,0
2025-11-02 12:42:35,9.31,29.32,0.1,1.09,0
2025-11-02 12:42:35,9.27,29.32,0.1,1.09,0
2025-11-02 12:42:35,9.24,29.32,0.1,1.09,0
2025-11-02 12:42:35,9.2,29.47,0.1,1.09,0
2025-11-02 12:42:35,9.16,29.47,0.1,1.09,0
2025-11-02 12:42:35,9.13,29.47,0.1,1.09,0
2025-11-02 12:42:35,9.09,29.47,0.1,1.09,0
2025-11-02 12:42:35,9.06,29.47,0.1,1.09,0
2025-11-02 12:42:35,9.02,29.47,0.1,1.09,0
2025-11-02 12:42:35,8.98,29.47,0.1,1.09,0
2025-11-02 12:42:35,9.34,29.47,0.1,1.09,0
2025-11-02 12:42:35,9.3,29.47,0.1,1.09,0
2025-11-02 12:42:35,9.27,29.82,0.1,1.09,0
2025-11-02 12:42:35,9.23,29.82,0.1,1.09,0
2025-11-02 12:42:35,9.2,29.82,0.1,1.09,0
2025-11-02 12:42:35,9.16,29.82,0.1,1.09,0
2025-11-02 12:42:35,9.13,29.82,0.1,1.09,0
2025-11-02 12:42:35,9.09,29.69,0.1,1.09,0
2025-11-02 12:42:35,9.06,29.52,0.1,1.09,0
2025-11-02 12:42:35,9.02,29.34,0.1,1.09,0
2025-11-02 12:42:35,9.36,29.34,0.1,1.09,0
2025-11-02 12:42:35,9.33,29.21,0.1,1.09,0
2025-11-02 12:42:35,9.29,29.08,0.1,1.09,0
2025-11-02 12:42:35,9.26,28.94,0.1,1.09,0
2025-11-02 12:42:36,9.23,28.68,0.1,1.09,0
2025-11-02 12:42:36,9.19,28.59,0.1,1.09,0
2025-11-02 12:42:36,9.16,28.36,0.1,1.09,0
2025-11-02 12:42:36,9.12,28.26,0.1,1.09,0
2025-11-02 12:42:36,9.09,27.98,0.1,1.09,0
2025-11-02 12:42:36,9.06,27.9,0.1,1.09,0
2025-11-02 12:42:36,9.03,28.44,0.1,1.09,0
2025-11-02 12:42:36,8.99,28.18,0.09,1.09,0
2025-11-02 12:42:36,8.96,28.05,0.09,1.09,0
2025-11-02 12:42:36,8.93,27.91,0.09,1.09,0
2025-11-02 12:42:36,8.9,28.75,0.09,1.09,0
2025-11-02 12:42:36,8.87,28.94,0.09,1.09,0
2025-11-02 12:42:36,8.83,28.79,0.09,1.09,0
2025-11-02 12:42:36,8.8,29.06,0.09,1.09,0
2025-11-02 12:42:36,8.77,29.17,0.09,1.09,0
2025-11-02 12:42:36,8.74,29.01,0.09,1.09,0
2025-11-02 12:42:36,8.71,28.87,0.09,1.09,0
2025-11-02 12:42:36,8.68,28.74,0.09,1.09,0
2025-11-02 12:42:36,8.65,28.62,0.09,1.09,0
2025-11-02 12:42:36,8.97,28.62,0.09,1.09,0
2025-11-02 12:42:36,8.93,28.81,0.09,1.09,0
2025-11-02 12:42:36,8.9,28.87,0.09,1.09,0
2025-11-02 12:42:36,8.87,28.72,0.09,1.09,0
2025-11-02 12:42:37,8.84,28.57,0.09,1.09,0
2025-11-02 12:42:37,8.81,28.44,0.09,1.09,0
2025-11-02 12:42:37,8.78,28.31,0.09,1.09,0
2025-11-02 12:42:37,8.75,28.17,0.09,1.09,0
2025-11-02 12:42:37,9.06,28.17,0.09,1.09,0
2025-11-02 12:42:37,9.03,28.59,0.09,1.09,0
2025-11-02 12:42:37,9.0,28.46,0.09,1.09,0
2025-11-02 12:42:37,8.97,28.33,0.09,1.09,0
2025-11-02 12:42:37,8.94,28.76,0.09,1.09,0
2025-11-02 12:42:37,9.24,28.76,0.09,1.09,0
2025-11-02 12:42:37,9.54,28.76,0.09,1.09,0
2025-11-02 12:42:37,9.84,28.76,0.09,1.09,0
2025-11-02 12:42:37,10.13,28.76,0.09,1.09,0
2025-11-02 12:42:37,10.42,28.76,0.09,1.09,0
2025-11-02 12:42:37,10.71,28.76,0.09,1.09,0
2025-11-02 12:42:37,10.68,28.97,0.09,1.09,0
2025-11-02 12:42:37,10.65,28.83,0.09,1.09,0
2025-11-02 12:42:37,10.61,29.66,0.09,1.09,0
2025-11-02 12:42:37,10.58,29.86,0.09,1.09,0
2025-11-02 12:42:37,10.54,30.27,0.09,1.09,0
2025-11-02 12:42:38,10.51,30.13,0.09,1.09,0
2025-11-02 12:42:38,10.48,30.0,0.09,1.09,0
2025-11-02 12:42:38,10.44,29.85,0.09,1.09,0
2025-11-02 12:42:38,10.41,29.71,0.09,1.09,0
2025-11-02 12:42:38,10.38,29.59,0.09,1.09,0
2025-11-02 12:42:38,10.34,29.45,0.09,1.09,0
2025-11-02 12:42:38,10.31,29.32,0.09,1.09,0
2025-11-02 12:42:38,10.28,29.19,0.09,1.09,0
2025-11-02 12:42:38,10.25,29.06,0.09,1.09,0
2025-11-02 12:42:38,10.22,28.94,0.09,1.09,0
2025-11-02 12:42:38,10.19,29.03,0.09,1.09,0
2025-11-02 12:42:38,10.15,29.46,0.09,1.09,0
2025-11-02 12:42:38,10.12,29.67,0.09,1.09,0
2025-11-02 12:42:38,10.09,30.14,0.09,1.09,0
2025-11-02 12:42:38,10.06,30.56,0.09,1.09,0
2025-11-02 12:42:38,10.03,30.63,0.09,1.09,0
2025-11-02 12:42:38,10.0,30.74,0.09,1.09,0
2025-11-02 12:42:38,9.97,31.13,0.09,1.09,0
2025-11-02 12:42:38,9.94,31.2,0.09,1.09,0
2025-11-02 12:42:38,9.91,31.58,0.08,1.09,0
2025-11-02 12:42:39,9.88,31.77,0.08,1.09,0
2025-11-02 12:42:39,9.85,31.64,0.08,1.09,0
2025-11-02 12:42:39,9.82,31.7,0.08,1.09,0
2025-11-02 12:42:39,9.79,31.88,0.08,1.09,0
2025-11-02 12:42:39,9.76,31.92,0.08,1.09,0
2025-11-02 12:42:39,9.73,32.26,0.08,1.09,0
2025-11-02 12:42:39,9.71,32.62,0.08,1.09,0
2025-11-02 12:42:39,9.68,32.79,0.08,1.09,0
2025-11-02 12:42:39,9.65,32.67,0.08,1.09,0
2025-11-02 12:42:39,9.62,32.54,0.08,1.09,0
2025-11-02 12:42:39,9.59,32.42,0.08,1.09,0
2025-11-02 12:42:39,9.57,32.3,0.08,1.09,0
2025-11-02 12:42:39,9.54,32.17,0.08,1.09,0
2025-11-02 12:42:39,9.51,32.05,0.08,1.09,0
2025-11-02 12:42:39,9.48,31.93,0.08,1.09,0
2025-11-02 12:42:39,9.46,31.81,0.08,1.09,0
2025-11-02 12:42:39,9.43,31.69,0.08,1.09,0
2025-11-02 12:42:39,9.4,31.58,0.08,1.09,0
2025-11-02 12:42:39,9.38,31.48,0.08,1.09,0
2025-11-02 12:42:39,9.35,31.53,0.08,1.09,0
2025-11-02 12:42:39,9.32,31.7,0.08,1.09,0
2025-11-02 12:42:39,9.3,31.57,0.08,1.09,0
2025-11-02 12:42:40,9.27,31.45,0.08,1.09,0
2025-11-02 12:42:40,9.24,31.34,0.08,1.09,0
2025-11-02 12:42:40,9.22,31.37,0.08,1.09,0
2025-11-02 12:42:40,9.19,31.66,0.08,1.09,0
2025-11-02 12:42:40,9.17,31.98,0.08,1.09,0
2025-11-02 12:42:40,9.14,32.29,0.08,1.09,0
2025-11-02 12:42:40,9.12,32.81,0.08,1.09,0
2025-11-02 12:42:40,9.09,32.9,0.08,1.09,0
2025-11-02 12:42:40,9.07,33.19,0.08,1.09,0
2025-11-02 12:42:40,9.04,33.5,0.08,1.09,0
2025-11-02 12:42:40,9.02,33.78,0.08,1.09,0
2025-11-02 12:42:40,8.99,33.93,0.08,1.09,0
2025-11-02 12:42:40,8.97,33.95,0.08,1.09,0
2025-11-02 12:42:40,8.94,33.98,0.08,1.09,0
2025-11-02 12:42:40,8.92,34.01,0.08,1.09,0
2025-11-02 12:42:40,8.89,34.2,0.08,1.09,0
2025-11-02 12:42:40,8.87,34.47,0.07,1.09,0
2025-11-02 12:42:40,8.85,34.73,0.07,1.09,0
2025-11-02 12:42:40,8.82,34.87,0.07,1.09,0
2025-11-02 12:42:40,8.8,34.7,0.07,1.09,0
2025-11-02 12:42:40,8.78,34.65,0.07,1.09,0
2025-11-02 12:42:41,8.75,34.67,0.07,1.09,0
2025-11-02 12:42:41,8.73,34.94,0.07,1.09,0
2025-11-02 12:42:41,8.71,35.06,0.07,1.09,0
2025-11-02 12:42:41,8.68,35.08,0.07,1.09,0
2025-11-02 12:42:41,8.66,35.32,0.07,1.09,0
2025-11-02 12:42:41,8.64,35.45,0.07,1.09,0
2025-11-02 12:42:41,8.62,35.34,0.07,1.09,0
2025-11-02 12:42:41,8.59,35.35,0.07,1.09,0
2025-11-02 12:42:41,8.57,35.47,0.07,1.09,0
2025-11-02 12:42:41,8.55,35.76,0.07,1.09,0
2025-11-02 12:42:41,8.53,35.65,0.07,1.09,0
2025-11-02 12:42:41,8.51,35.66,0.07,1.09,0
2025-11-02 12:42:41,8.48,35.78,0.07,1.09,0
2025-11-02 12:42:41,8.46,35.68,0.07,1.09,0
2025-11-02 12:42:41,8.44,35.68,0.07,1.09,0
2025-11-02 12:42:41,8.42,36.46,0.07,1.09,0
2025-11-02 12:42:41,8.4,36.46,0.07,1.09,0
2025-11-02 12:42:41,8.38,36.68,0.07,1.09,0
2025-11-02 12:42:42,8.35,36.92,0.07,1.09,0
2025-11-02 12:42:42,8.33,37.04,0.07,1.09,0
2025-11-02 12:42:42,8.31,37.02,0.07,1.09,0
2025-11-02 12:42:42,8.29,37.24,0.07,1.09,0
2025-11-02 12:42:42,8.27,37.34,0.07,1.09,0
2025-11-02 12:42:42,8.25,37.24,0.07,1.09,0
2025-11-02 12:42:42,8.23,37.14,0.07,1.09,0
2025-11-02 12:42:42,8.21,37.01,0.07,1.09,0
2025-11-02 12:42:42,8.19,36.98,0.07,1.09,0
2025-11-02 12:42:42,8.17,36.88,0.07,1.09,0
2025-11-02 12:42:42,8.15,36.77,0.07,1.09,0
2025-11-02 12:42:42,8.13,36.67,0.07,1.09,0
2025-11-02 12:42:42,8.11,36.58,0.07,1.09,0
2025-11-02 12:42:42,8.09,36.47,0.07,1.09,0
2025-11-02 12:42:42,8.07,36.37,0.07,1.09,0
2025-11-02 12:42:42,8.05,36.27,0.07,1.09,0
2025-11-02 12:42:42,8.03,36.28,0.07,1.09,0
2025-11-02 12:42:42,8.01,36.46,0.07,1.09,0
2025-11-02 12:42:43,7.99,36.66,0.07,1.09,0
2025-11-02 12:42:43,7.97,36.76,0.07,1.09,0
2025-11-02 12:42:43,7.95,36.75,0.07,1.09,0
2025-11-02 12:42:43,7.93,36.84,0.07,1.09,0
2025-11-02 12:42:43,7.91,36.74,0.07,1.09,0
2025-11-02 12:42:43,8.13,36.74,0.07,1.09,0
2025-11-02 12:42:43,8.35,36.74,0.07,1.09,0
2025-11-02 12:42:43,8.33,36.83,0.07,1.09,0
2025-11-02 12:42:43,8.55,36.83,0.07,1.09,0
2025-11-02 12:42:43,8.77,36.83,0.07,1.09,0
2025-11-02 12:42:43,8.98,36.83,0.07,1.09,0
2025-11-02 12:42:43,8.96,37.16,0.07,1.09,0
2025-11-02 12:42:43,8.94,37.08,0.07,1.09,0
2025-11-02 12:42:43,8.92,36.97,0.07,1.09,0
2025-11-02 12:42:43,8.9,36.88,0.07,1.09,0
2025-11-02 12:42:43,8.88,37.03,0.07,1.09,0
2025-11-02 12:42:43,8.86,36.94,0.07,1.09,0
2025-11-02 12:42:43,8.84,37.09,0.07,1.09,0
2025-11-02 12:42:43,8.82,37.01,0.07,1.09,0
2025-11-02 12:42:43,8.8,36.93,0.07,1.09,0
2025-11-02 12:42:43,8.78,36.87,0.07,1.09,0
2025-11-02 12:42:43,8.76,37.0,0.07,1.09,0
2025-11-02 12:42:44,8.74,36.91,0.07,1.09,0
2025-11-02 12:42:44,8.72,36.82,0.07,1.09,0
2025-11-02 12:42:44,8.7,36.73,0.07,1.09,0
2025-11-02 12:42:44,8.68,36.65,0.07,1.09,0
2025-11-02 12:42:44,8.66,36.76,0.07,1.09,0
2025-11-02 12:42:44,8.64,36.76,0.07,1.09,0
2025-11-02 12:42:44,8.62,36.83,0.07,1.09,0
2025-11-02 12:42:44,8.6,36.95,0.07,1.09,0
2025-11-02 12:42:44,8.8,36.95,0.07,1.09,0
2025-11-02 12:42:44,8.78,37.01,0.07,1.09,0
2025-11-02 12:42:44,8.99,37.01,0.07,1.09,0
2025-11-02 12:42:44,8.97,36.92,0.07,1.09,0
2025-11-02 12:42:44,8.95,36.84,0.07,1.09,0
2025-11-02 12:42:44,9.15,36.84,0.07,1.09,0
2025-11-02 12:42:44,9.35,36.84,0.07,1.09,0
2025-11-02 12:42:44,9.56,36.84,0.07,1.09,0
2025-11-02 12:42:44,9.53,36.79,0.07,1.09,0
2025-11-02 12:42:44,9.73,36.79,0.07,1.09,0
2025-11-02 12:42:44,9.93,36.79,0.07,1.09,0
2025-11-02 12:42:44,10.13,36.79,0.07,1.09,0
2025-11-02 12:42:45,10.33,36.79,0.07,1.09,0
2025-11-02 12:42:45,10.53,36.79,0.07,1.09,0
2025-11-02 12:42:45,10.5,36.78,0.07,1.09,0
2025-11-02 12:42:45,10.48,36.78,0.07,1.09,0
2025-11-02 12:42:45,10.46,36.78,0.07,1.09,0
2025-11-02 12:42:45,10.43,36.89,0.07,1.09,0
2025-11-02 12:42:45,10.41,36.8,0.07,1.09,0
2025-11-02 12:42:45,10.39,36.68,0.07,1.09,0
2025-11-02 12:42:45,10.37,36.68,0.07,1.09,0
2025-11-02 12:42:45,10.34,36.74,0.07,1.09,0
2025-11-02 12:42:45,10.32,36.91,0.07,1.09,0
2025-11-02 12:42:45,10.3,36.77,0.07,1.09,0
2025-11-02 12:42:45,10.28,36.72,0.07,1.09,0
2025-11-02 12:42:45,10.26,36.64,0.07,1.09,0
2025-11-02 12:42:45,10.23,36.86,0.07,1.09,0
2025-11-02 12:42:45,10.21,36.78,0.07,1.09,0
2025-11-02 12:42:45,10.19,36.65,0.07,1.09,0
2025-11-02 12:42:45,10.17,36.61,0.07,1.09,0
2025-11-02 12:42:46,10.15,36.53,0.07,1.09,0
2025-11-02 12:42:46,10.13,36.45,0.07,1.09,0
2025-11-02 12:42:46,10.11,36.37,0.07,1.09,0
2025-11-02 12:42:46,10.08,36.28,0.07,1.09,0
2025-11-02 12:42:46,10.06,36.19,0.07,1.09,0
2025-11-02 12:42:46,10.04,36.11,0.07,1.09,0
2025-11-02 12:42:46,10.02,36.14,0.07,1.09,0
2025-11-02 12:42:46,10.0,36.26,0.07,1.09,0
2025-11-02 12:42:46,9.98,36.29,0.07,1.09,0
2025-11-02 12:42:46,9.96,36.29,0.07,1.09,0
2025-11-02 12:42:46,9.94,36.29,0.07,1.09,0
2025-11-02 12:42:46,9.92,36.29,0.07,1.09,0
2025-11-02 12:42:46,9.9,36.38,0.07,1.09,0
2025-11-02 12:42:46,9.88,36.31,0.07,1.09,0
2025-11-02 12:42:46,9.86,36.31,0.07,1.09,0
2025-11-02 12:42:46,9.84,36.31,0.07,1.09,0
2025-11-02 12:42:46,9.82,36.19,0.07,1.09,0
2025-11-02 12:42:46,9.8,36.19,0.07,1.09,0
2025-11-02 12:42:47,9.78,36.15,0.07,1.09,0
2025-11-02 12:42:47,9.76,36.07,0.07,1.09,0
2025-11-02 12:42:47,9.74,36.07,0.07,1.09,0
2025-11-02 12:42:47,9.92,36.07,0.07,1.09,0
2025-11-02 12:42:47,10.1,36.07,0.07,1.09,0
2025-11-02 12:42:47,10.28,36.07,0.07,1.09,0
2025-11-02 12:42:47,10.26,36.18,0.07,1.09,0
2025-11-02 12:42:47,10.44,36.18,0.07,1.09,0
2025-11-02 12:42:47,10.62,36.18,0.07,1.09,0
2025-11-02 12:42:47,10.6,36.1,0.07,1.09,0
2025-11-02 12:42:47,10.78,36.1,0.07,1.09,0
2025-11-02 12:42:47,10.76,36.1,0.07,1.09,0
2025-11-02 12:42:47,10.93,36.1,0.07,1.09,0
2025-11-02 12:42:47,10.91,36.1,0.07,1.09,0
2025-11-02 12:42:47,10.89,36.02,0.07,1.09,0
2025-11-02 12:42:47,10.87,36.02,0.07,1.09,0
2025-11-02 12:42:47,11.05,36.02,0.07,1.09,0
2025-11-02 12:42:48,11.22,36.02,0.07,1.09,0
2025-11-02 12:42:48,11.2,36.02,0.07,1.09,0
2025-11-02 12:42:48,11.18,36.02,0.07,1.09,0
2025-11-02 12:42:48,11.15,36.02,0.07,1.09,0
2025-11-02 12:42:48,11.13,36.02,0.07,1.09,0
2025-11-02 12:42:48,11.11,36.02,0.07,1.09,0
2025-11-02 12:42:48,11.09,36.02,0.07,1.09,0
2025-11-02 12:42:48,11.07,36.02,0.07,1.09,0
2025-11-02 12:42:48,11.05,36.02,0.07,1.09,0
2025-11-02 12:42:48,11.03,36.02,0.07,1.09,0
2025-11-02 12:42:48,11.0,36.02,0.07,1.09,0
2025-11-02 12:42:48,10.98,36.02,0.07,1.09,0
2025-11-02 12:42:48,10.96,36.02,0.07,1.09,0
2025-11-02 12:42:48,10.94,36.13,0.08,1.09,0
2025-11-02 12:42:48,10.92,36.05,0.08,1.09,0
2025-11-02 12:42:48,10.9,35.97,0.08,1.09,0
2025-11-02 12:42:48,10.88,35.97,0.08,1.09,0
2025-11-02 12:42:48,10.86,35.97,0.08,1.09,0
2025-11-02 12:42:48,10.84,35.97,0.08,1.09,0
2025-11-02 12:42:48,10.82,35.97,0.08,1.09,0
2025-11-02 12:42:48,10.8,35.97,0.08,1.09,0
2025-11-02 12:42:48,10.78,35.97,0.08,1.09,0
2025-11-02 12:42:48,10.75,35.97,0.08,1.09,0
2025-11-02 12:42:48,10.73,35.97,0.08,1.09,0
2025-11-02 12:42:48,10.71,35.97,0.08,1.09,0
2025-11-02 12:42:48,10.69,35.97,0.08,1.09,0
2025-11-02 12:42:48,10.67,35.97,0.08,1.09,0
2025-11-02 12:42:48,10.65,35.97,0.08,1.09,0
2025-11-02 12:42:48,10.63,35.97,0.08,1.09,0
2025-11-02 12:42:48,10.61,35.89,0.08,1.09,0
2025-11-02 12:42:48,10.59,35.89,0.08,1.09,0
2025-11-02 12:42:49,10.58,35.89,0.08,1.09,0
2025-11-02 12:42:49,10.56,35.89,0.08,1.09,0
2025-11-02 12:42:49,10.54,35.89,0.08,1.09,0
2025-11-02 12:42:49,10.52,35.89,0.08,1.09,0
2025-11-02 12:42:49,10.5,35.89,0.08,1.09,0
2025-11-02 12:42:49,10.48,35.89,0.08,1.09,0
2025-11-02 12:42:49,10.46,35.81,0.08,1.09,0
2025-11-02 12:42:49,10.44,35.73,0.08,1.09,0
2025-11-02 12:42:49,10.42,35.73,0.08,1.09,0
2025-11-02 12:42:49,10.4,35.73,0.08,1.09,0
2025-11-02 12:42:49,10.38,35.73,0.08,1.09,0
2025-11-02 12:42:49,10.36,35.73,0.08,1.09,0
2025-11-02 12:42:49,10.34,35.73,0.08,1.09,0
2025-11-02 12:42:49,10.33,35.73,0.08,1.09,0
2025-11-02 12:42:49,10.31,35.73,0.08,1.09,0
2025-11-02 12:42:49,10.29,35.73,0.08,1.09,0
2025-11-02 12:42:49,10.27,35.73,0.08,1.09,0
2025-11-02 12:42:49,10.25,35.73,0.08,1.09,0
2025-11-02 12:42:49,10.23,35.73,0.08,1.09,0
2025-11-02 12:42:49,10.22,35.73,0.08,1.09,0
2025-11-02 12:42:49,10.2,35.73,0.08,1.09,0
2025-11-02 12:42:49,10.18,35.73,0.08,1.09,0
2025-11-02 12:42:49,10.16,35.73,0.08,1.09,0
2025-11-02 12:42:49,10.14,35.73,0.08,1.09,0
2025-11-02 12:42:49,10.12,35.73,0.08,1.09,0
2025-11-02 12:42:49,10.11,35.73,0.08,1.09,0
2025-11-02 12:42:49,10.09,35.73,0.08,1.09,0
2025-11-02 12:42:50,10.07,35.65,0.08,1.58,0
2025-11-02 12:42:50,10.05,35.65,0.08,1.58,0
2025-11-02 12:42:50,10.04,35.65,0.08,1.58,0
2025-11-02 12:42:50,10.02,35.69,0.08,1.58,0
2025-11-02 12:42:50,10.0,35.79,0.08,1.58,0
2025-11-02 12:42:50,9.98,35.79,0.08,1.58,0
2025-11-02 12:42:50,9.97,35.79,0.08,1.58,0
2025-11-02 12:42:50,9.95,35.79,0.08,1.58,0
2025-11-02 12:42:50,9.93,35.79,0.08,1.58,0
2025-11-02 12:42:50,9.91,35.79,0.08,1.58,0
2025-11-02 12:42:50,9.9,35.79,0.08,1.58,0
2025-11-02 12:42:50,9.88,35.79,0.08,1.58,0
2025-11-02 12:42:50,9.86,35.79,0.08,1.58,0
2025-11-02 12:42:50,9.84,35.79,0.08,1.58,0
2025-11-02 12:42:50,9.83,35.79,0.08,1.58,0
2025-11-02 12:42:50,9.81,35.79,0.08,1.58,0
2025-11-02 12:42:50,9.97,35.79,0.08,1.58,0
2025-11-02 12:42:50,9.95,35.79,0.08,1.58,0
2025-11-02 12:42:50,10.1,35.79,0.08,1.58,0
2025-11-02 12:42:50,10.09,35.79,0.08,1.58,0
2025-11-02 12:42:50,10.07,35.79,0.08,1.58,0
2025-11-02 12:42:51,10.22,35.79,0.08,1.58,0
2025-11-02 12:42:51,10.2,35.79,0.08,1.58,0
2025-11-02 12:42:51,10.19,35.79,0.08,1.58,0
2025-11-02 12:42:51,10.17,35.79,0.08,1.58,0
2025-11-02 12:42:51,10.15,35.79,0.08,1.58,0
2025-11-02 12:42:51,10.14,35.79,0.08,1.58,0
2025-11-02 12:42:51,10.12,35.79,0.08,1.58,0
2025-11-02 12:42:51,10.1,35.79,0.08,1.58,0
2025-11-02 12:42:51,10.08,35.79,0.08,1.58,0
2025-11-02 12:42:51,10.07,35.79,0.08,1.58,0
2025-11-02 12:42:51,10.22,35.79,0.08,1.58,0
2025-11-02 12:42:51,10.2,35.79,0.08,1.58,0
2025-11-02 12:42:51,10.35,35.79,0.08,1.58,0
2025-11-02 12:42:51,10.5,35.79,0.08,1.58,0
2025-11-02 12:42:51,10.48,35.87,0.08,1.58,0
2025-11-02 12:42:51,10.47,35.79,0.08,1.58,0
2025-11-02 12:42:51,10.45,35.81,0.08,1.58,0
2025-11-02 12:42:51,10.43,35.9,0.08,1.58,0
2025-11-02 12:42:51,10.58,35.9,0.08,1.58,0
2025-11-02 12:42:51,10.56,35.83,0.08,1.58,0
2025-11-02 12:42:51,10.54,35.76,0.08,1.58,0
2025-11-02 12:42:51,10.53,35.69,0.08,1.58,0
2025-11-02 12:42:51,10.51,35.62,0.08,1.58,0
2025-11-02 12:42:52,10.49,35.55,0.08,1.58,0
2025-11-02 12:42:52,10.47,35.47,0.08,1.58,0
2025-11-02 12:42:52,10.46,35.34,0.08,1.58,0
2025-11-02 12:42:52,10.44,35.28,0.08,1.58,0
2025-11-02 12:42:52,10.42,35.2,0.08,1.58,0
2025-11-02 12:42:52,10.41,35.13,0.08,1.58,0
2025-11-02 12:42:52,10.39,35.14,0.08,1.58,0
2025-11-02 12:42:52,10.37,35.22,0.08,1.58,0
2025-11-02 12:42:52,10.36,35.15,0.08,1.58,0
2025-11-02 12:42:52,10.34,35.08,0.08,1.58,0
2025-11-02 12:42:52,10.32,35.22,0.08,1.58,0
2025-11-02 12:42:52,10.47,35.22,0.08,1.58,0
2025-11-02 12:42:52,10.61,35.22,0.08,1.58,0
2025-11-02 12:42:52,10.75,35.22,0.08,1.58,0
2025-11-02 12:42:52,10.9,35.22,0.08,1.58,0
2025-11-02 12:42:52,11.04,35.22,0.08,1.58,0
2025-11-02 12:42:52,11.02,35.14,0.08,1.58,0
2025-11-02 12:42:52,11.0,35.08,0.08,1.58,0
2025-11-02 12:42:52,10.99,35.01,0.08,1.58,0
2025-11-02 12:42:52,10.97,34.94,0.08,1.58,0
2025-11-02 12:42:52,10.95,34.88,0.08,1.58,0
2025-11-02 12:42:52,10.94,34.8,0.08,1.58,0
2025-11-02 12:42:52,10.92,34.74,0.08,1.58,0
2025-11-02 12:42:52,10.9,34.75,0.08,1.58,0
2025-11-02 12:42:53,10.88,34.91,0.08,1.58,0
2025-11-02 12:42:53,10.87,34.98,0.08,1.58,0
2025-11-02 12:42:53,10.85,34.99,0.08,1.58,0
2025-11-02 12:42:53,10.83,35.07,0.08,1.58,0
2025-11-02 12:42:53,10.82,35.02,0.08,1.58,0
2025-11-02 12:42:53,10.8,34.96,0.08,1.58,0
2025-11-02 12:42:53,10.94,34.96,0.08,1.58,0
2025-11-02 12:42:53,11.08,34.96,0.08,1.58,0
2025-11-02 12:42:53,11.21,34.96,0.08,1.58,0
2025-11-02 12:42:53,11.2,34.92,0.08,1.58,0
2025-11-02 12:42:53,11.18,34.86,0.08,1.58,0
2025-11-02 12:42:53,11.16,34.89,0.08,1.58,0
2025-11-02 12:42:53,11.15,34.89,0.08,1.58,0
2025-11-02 12:42:53,11.13,34.92,0.08,1.58,0
2025-11-02 12:42:53,11.11,34.92,0.08,1.58,0
2025-11-02 12:42:53,11.09,34.91,0.08,1.58,0
2025-11-02 12:42:53,11.08,35.1,0.08,1.58,0
2025-11-02 12:42:53,11.06,35.27,0.08,1.58,0
2025-11-02 12:42:53,11.04,35.37,0.08,1.58,0
2025-11-02 12:42:53,11.03,35.37,0.08,1.58,0
2025-11-02 12:42:53,11.01,35.37,0.08,1.58,0
2025-11-02 12:42:54,10.99,35.3,0.08,1.58,0
2025-11-02 12:42:54,10.98,35.3,0.08,1.58,0
2025-11-02 12:42:54,10.96,35.32,0.08,1.58,0
2025-11-02 12:42:54,10.94,35.41,0.08,1.58,0
2025-11-02 12:42:54,10.93,35.41,0.08,1.58,0
2025-11-02 12:42:54,10.91,35.41,0.08,1.58,0
2025-11-02 12:42:54,10.89,35.35,0.08,1.58,0
2025-11-02 12:42:54,10.88,35.35,0.08,1.58,0
2025-11-02 12:42:54,10.86,35.35,0.08,1.58,0
2025-11-02 12:42:54,10.84,35.35,0.08,1.58,0
2025-11-02 12:42:54,10.83,35.35,0.08,1.58,0
2025-11-02 12:42:54,10.81,35.35,0.08,1.58,0
2025-11-02 12:42:54,10.79,35.35,0.08,1.58,0
2025-11-02 12:42:54,10.78,35.35,0.08,1.58,0
2025-11-02 12:42:54,10.76,35.28,0.08,1.58,0
2025-11-02 12:42:54,10.75,35.28,0.08,1.58,0
2025-11-02 12:42:54,10.73,35.22,0.08,1.58,0
2025-11-02 12:42:54,10.71,35.22,0.08,1.58,0
2025-11-02 12:42:54,10.7,35.22,0.08,1.58,0
2025-11-02 12:42:54,10.68,35.22,0.08,1.58,0
2025-11-02 12:42:54,10.67,35.22,0.08,1.58,0
2025-11-02 12:42:54,10.65,35.22,0.08,1.58,0
2025-11-02 12:42:55,10.64,35.24,0.08,1.58,0
2025-11-02 12:42:55,10.62,35.24,0.08,1.58,0
2025-11-02 12:42:55,10.6,35.43,0.08,1.58,0
2025-11-02 12:42:55,10.59,35.52,0.08,1.58,0
2025-11-02 12:42:55,10.57,35.52,0.08,1.58,0
2025-11-02 12:42:55,10.56,35.52,0.08,1.58,0
2025-11-02 12:42:55,10.54,35.52,0.08,1.58,0
2025-11-02 12:42:55,10.53,35.52,0.08,1.58,0
2025-11-02 12:42:55,10.51,35.52,0.08,1.58,0
2025-11-02 12:42:55,10.5,35.52,0.08,1.58,0
2025-11-02 12:42:55,10.48,35.52,0.08,1.58,0
2025-11-02 12:42:55,10.47,35.52,0.08,1.58,0
2025-11-02 12:42:55,10.45,35.52,0.08,1.58,0
2025-11-02 12:42:55,10.43,35.52,0.08,1.58,0
2025-11-02 12:42:55,10.56,35.52,0.08,1.58,0
2025-11-02 12:42:55,10.55,35.52,0.08,1.58,0
2025-11-02 12:42:55,10.68,35.52,0.08,1.58,0
2025-11-02 12:42:55,10.66,35.52,0.08,1.58,0
2025-11-02 12:42:55,10.65,35.52,0.08,1.58,0
2025-11-02 12:42:55,10.63,35.47,0.08,1.58,0
2025-11-02 12:42:56,10.62,35.47,0.08,1.58,0
2025-11-02 12:42:56,10.6,35.47,0.08,1.58,0
2025-11-02 12:42:56,10.59,35.47,0.08,1.58,0
2025-11-02 12:42:56,10.57,35.47,0.08,1.58,0
2025-11-02 12:42:56,10.56,35.47,0.08,1.58,0
2025-11-02 12:42:56,10.68,35.47,0.08,1.58,0
2025-11-02 12:42:56,10.67,35.47,0.08,1.58,0
2025-11-02 12:42:56,10.65,35.47,0.08,1.58,0
2025-11-02 12:42:56,10.64,35.47,0.08,1.58,0
2025-11-02 12:42:56,10.62,35.47,0.08,1.58,0
2025-11-02 12:42:56,10.61,35.47,0.08,1.58,0
2025-11-02 12:42:56,10.59,35.4,0.08,1.58,0
2025-11-02 12:42:56,10.58,35.34,0.08,1.58,0
2025-11-02 12:42:56,10.7,35.34,0.08,1.58,0
2025-11-02 12:42:56,10.69,35.34,0.08,1.58,0
2025-11-02 12:42:56,10.67,35.34,0.08,1.58,0
2025-11-02 12:42:56,10.66,35.27,0.08,1.58,0
2025-11-02 12:42:56,10.64,35.27,0.08,1.58,0
2025-11-02 12:42:56,10.63,35.27,0.08,1.58,0
2025-11-02 12:42:56,10.61,35.27,0.08,1.58,0
2025-11-02 12:42:56,10.6,35.27,0.08,1.58,0
2025-11-02 12:42:56,10.58,35.27,0.08,1.58,0
2025-11-02 12:42:56,10.57,35.27,0.08,1.58,0
2025-11-02 12:42:56,10.56,35.27,0.08,1.58,0
2025-11-02 12:42:56,10.54,35.27,0.08,1.58,0
2025-11-02 12:42:56,10.53,35.27,0.08,1.58,0
2025-11-02 12:42:56,10.51,35.27,0.08,1.58,0
2025-11-02 12:42:56,10.5,35.27,0.08,1.58,0
2025-11-02 12:42:56,10.48,35.27,0.08,1.58,0
2025-11-02 12:42:56,10.47,35.27,0.08,1.58,0
2025-11-02 12:42:57,10.45,35.21,0.09,1.58,0
2025-11-02 12:42:57,10.44,35.21,0.09,1.58,0
2025-11-02 12:42:57,10.43,35.21,0.09,1.58,0
2025-11-02 12:42:57,10.41,35.12,0.09,1.58,0
2025-11-02 12:42:57,10.4,35.06,0.09,1.58,0
2025-11-02 12:42:57,10.38,35.06,0.09,1.58,0
2025-11-02 12:42:57,10.37,35.06,0.09,1.58,0
2025-11-02 12:42:57,10.35,35.06,0.09,1.58,0
2025-11-02 12:42:57,10.34,35.11,0.09,1.58,0
2025-11-02 12:42:57,10.33,35.29,0.09,1.58,0
2025-11-02 12:42:57,10.31,35.45,0.09,1.58,0
2025-11-02 12:42:57,10.3,35.54,0.09,1.58,0
2025-11-02 12:42:57,10.28,35.56,0.09,1.58,0
2025-11-02 12:42:57,10.27,35.65,0.09,1.58,0
2025-11-02 12:42:57,10.26,35.6,0.09,1.58,0
2025-11-02 12:42:57,10.24,35.54,0.09,1.58,0
2025-11-02 12:42:57,10.23,35.48,0.09,1.58,0
2025-11-02 12:42:57,10.22,35.42,0.09,1.58,0
2025-11-02 12:42:57,10.2,35.39,0.09,1.58,0
2025-11-02 12:42:57,10.19,35.33,0.09,1.58,0
2025-11-02 12:42:57,10.17,35.27,0.09,1.58,0
2025-11-02 12:42:58,10.16,35.22,0.09,1.58,0
2025-11-02 12:42:58,10.15,35.2,0.09,1.58,0
2025-11-02 12:42:58,10.13,35.15,0.09,1.58,0
2025-11-02 12:42:58,10.25,35.15,0.09,1.58,0
2025-11-02 12:42:58,10.24,35.06,0.09,1.58,0
2025-11-02 12:42:58,10.23,35.08,0.08,1.58,0
2025-11-02 12:42:58,10.21,35.02,0.08,1.58,0
2025-11-02 12:42:58,10.2,34.96,0.08,1.58,0
2025-11-02 12:42:58,10.32,34.96,0.08,1.58,0
2025-11-02 12:42:58,10.3,34.92,0.08,1.58,0
2025-11-02 12:42:58,10.42,34.92,0.08,1.58,0
2025-11-02 12:42:58,10.54,34.92,0.08,1.58,0
2025-11-02 12:42:58,10.66,34.92,0.08,1.58,0
2025-11-02 12:42:58,10.78,34.92,0.08,1.58,0
2025-11-02 12:42:58,10.89,34.92,0.08,1.58,0
2025-11-02 12:42:58,11.01,34.92,0.08,1.58,0
2025-11-02 12:42:58,11.13,34.92,0.08,1.58,0
2025-11-02 12:42:58,11.24,34.92,0.08,1.58,0
2025-11-02 12:42:58,11.23,34.97,0.09,1.58,0
2025-11-02 12:42:58,11.34,34.97,0.09,1.58,0
2025-11-02 12:42:58,11.33,34.94,0.09,1.58,0
2025-11-02 12:42:58,11.44,34.94,0.09,1.58,0
2025-11-02 12:42:58,11.56,34.94,0.09,1.58,0
2025-11-02 12:42:58,11.67,34.94,0.09,1.58,0
2025-11-02 12:42:59,11.79,34.94,0.09,1.58,0
2025-11-02 12:42:59,11.9,34.94,0.09,1.58,0
2025-11-02 12:42:59,12.02,34.94,0.09,1.58,0
2025-11-02 12:42:59,12.13,34.94,0.09,1.58,0
2025-11-02 12:42:59,12.24,34.94,0.09,1.58,0
2025-11-02 12:42:59,12.36,34.94,0.09,1.58,0
2025-11-02 12:42:59,12.47,34.94,0.09,1.58,0
2025-11-02 12:42:59,12.58,34.94,0.09,1.58,0
2025-11-02 12:42:59,12.56,34.97,0.09,1.58,0
2025-11-02 12:42:59,12.68,34.97,0.09,1.58,0
2025-11-02 12:42:59,12.66,34.94,0.09,1.58,0
2025-11-02 12:42:59,12.77,34.94,0.09,1.58,0
2025-11-02 12:42:59,12.76,34.99,0.09,1.58,0
2025-11-02 12:42:59,12.74,34.94,0.09,1.58,0
2025-11-02 12:42:59,12.85,34.94,0.09,1.58,0
2025-11-02 12:42:59,12.96,34.94,0.09,1.58,0
2025-11-02 12:42:59,13.07,34.94,0.09,1.58,0
2025-11-02 12:42:59,13.05,34.97,0.09,1.58,0
2025-11-02 12:43:00,13.04,34.91,0.09,1.58,0
2025-11-02 12:43:00,13.15,34.91,0.09,1.58,0
2025-11-02 12:43:00,13.26,34.91,0.09,1.58,0
2025-11-02 12:43:00,13.37,34.91,0.09,1.58,0
2025-11-02 12:43:00,13.48,34.91,0.09,1.58,0
2025-11-02 12:43:00,13.58,34.91,0.09,1.58,0
2025-11-02 12:43:00,13.69,34.91,0.09,1.58,0
2025-11-02 12:43:00,13.68,34.9,0.09,1.58,0
2025-11-02 12:43:00,13.78,34.9,0.09,1.58,0
2025-11-02 12:43:00,13.89,34.9,0.09,1.58,0
2025-11-02 12:43:00,14.0,34.9,0.09,1.58,0
2025-11-02 12:43:00,14.11,34.9,0.09,1.58,0
2025-11-02 12:43:00,14.09,35.0,0.09,1.58,0
2025-11-02 12:43:00,14.07,34.94,0.09,1.58,0
2025-11-02 12:43:00,14.18,34.94,0.09,1.58,0
2025-11-02 12:43:00,14.29,34.94,0.09,1.58,0
2025-11-02 12:43:00,14.39,34.94,0.09,1.58,0
2025-11-02 12:43:00,14.37,35.09,0.09,1.58,0
2025-11-02 12:43:00,14.48,35.09,0.09,1.58,0
2025-11-02 12:43:00,14.59,35.09,0.09,1.58,0
2025-11-02 12:43:01,14.57,35.15,0.09,1.58,0
2025-11-02 12:43:01,14.67,35.15,0.09,1.58,0
2025-11-02 12:43:01,14.78,35.15,0.09,1.58,0
2025-11-02 12:43:01,14.76,35.14,0.09,1.58,0
2025-11-02 12:43:01,14.74,35.09,0.09,1.58,0
2025-11-02 12:43:01,14.72,35.03,0.09,1.58,0
2025-11-02 12:43:01,14.71,35.05,0.09,1.58,0
2025-11-02 12:43:01,14.69,35.06,0.09,1.58,0
2025-11-02 12:43:01,14.67,35.06,0.09,1.58,0
2025-11-02 12:43:01,14.65,35.17,0.09,1.58,0
2025-11-02 12:43:01,14.63,35.29,0.09,1.58,0
2025-11-02 12:43:01,14.62,35.35,0.09,1.58,0
2025-11-02 12:43:01,14.72,35.35,0.09,1.58,0
2025-11-02 12:43:01,14.7,35.41,0.09,1.58,0
2025-11-02 12:43:01,14.68,35.51,0.09,1.58,0
2025-11-02 12:43:01,14.67,35.56,0.09,1.58,0
2025-11-02 12:43:01,14.77,35.56,0.09,1.58,0
2025-11-02 12:43:01,14.75,35.56,0.09,1.58,0
2025-11-02 12:43:01,14.73,35.56,0.09,1.58,0
2025-11-02 12:43:01,14.72,35.54,0.09,1.58,0
2025-11-02 12:43:01,14.7,35.54,0.09,1.58,0
2025-11-02 12:43:01,14.68,35.48,0.09,1.58,0
2025-11-02 12:43:01,14.78,35.48,0.09,1.58,0
2025-11-02 12:43:02,14.89,35.48,0.09,1.58,0
2025-11-02 12:43:02,14.99,35.48,0.09,1.58,0
2025-11-02 12:43:02,14.97,35.48,0.09,1.58,0
2025-11-02 12:43:02,14.95,35.48,0.09,1.58,0
2025-11-02 12:43:02,15.05,35.48,0.09,1.58,0
2025-11-02 12:43:02,15.16,35.48,0.09,1.58,0
2025-11-02 12:43:02,15.26,35.48,0.09,1.58,0
2025-11-02 12:43:02,15.36,35.48,0.09,1.58,0
2025-11-02 12:43:02,15.34,35.48,0.09,1.58,0
2025-11-02 12:43:02,15.32,35.54,0.09,1.58,0
2025-11-02 12:43:02,15.42,35.54,0.09,1.58,0
2025-11-02 12:43:02,15.4,35.54,0.09,1.58,0
2025-11-02 12:43:02,15.38,35.54,0.09,1.58,0
2025-11-02 12:43:02,15.37,35.54,0.09,1.58,0
2025-11-02 12:43:02,15.35,35.54,0.09,1.58,0
2025-11-02 12:43:02,15.33,35.54,0.09,1.58,0
2025-11-02 12:43:02,15.31,35.54,0.09,1.58,0
2025-11-02 12:43:02,15.29,35.54,0.09,1.58,0
2025-11-02 12:43:02,15.28,35.54,0.09,1.58,0
2025-11-02 12:43:02,15.26,35.54,0.09,1.58,0
2025-11-02 12:43:02,15.36,35.54,0.09,1.58,0
2025-11-02 12:43:02,15.34,35.54,0.09,1.58,0
2025-11-02 12:43:02,15.32,35.54,0.09,1.58,0
2025-11-02 12:43:03,15.3,35.64,0.09,1.58,0
2025-11-02 12:43:03,15.29,35.64,0.09,1.58,0
2025-11-02 12:43:03,15.27,35.59,0.09,1.58,0
2025-11-02 12:43:03,15.25,35.53,0.09,1.58,0
2025-11-02 12:43:03,15.23,35.53,0.09,1.58,0
2025-11-02 12:43:03,15.21,35.47,0.09,1.58,0
2025-11-02 12:43:03,15.2,35.42,0.09,1.58,0
2025-11-02 12:43:03,15.18,35.37,0.09,1.58,0
2025-11-02 12:43:03,15.16,35.27,0.09,1.58,0
2025-11-02 12:43:03,15.26,35.27,0.09,1.58,0
2025-11-02 12:43:03,15.24,35.22,0.09,1.58,0
2025-11-02 12:43:03,15.22,35.31,0.09,1.58,0
2025-11-02 12:43:03,15.21,35.31,0.09,1.58,0
2025-11-02 12:43:03,15.19,35.31,0.09,1.58,0
2025-11-02 12:43:03,15.17,35.26,0.09,1.58,0
2025-11-02 12:43:03,15.15,35.26,0.09,1.58,0
2025-11-02 12:43:03,15.14,35.26,0.09,1.58,0
2025-11-02 12:43:03,15.12,35.21,0.09,1.58,0
2025-11-02 12:43:03,15.1,35.17,0.09,1.58,0
2025-11-02 12:43:03,15.09,35.13,0.09,1.58,0
2025-11-02 12:43:04,15.07,35.08,0.09,1.58,0
2025-11-02 12:43:04,15.05,35.03,0.09,1.58,0
2025-11-02 12:43:04,15.03,34.99,0.09,1.58,0
2025-11-02 12:43:04,15.02,34.99,0.09,1.58,0
2025-11-02 12:43:04,15.0,35.05,0.09,1.58,0
2025-11-02 12:43:04,14.98,35.0,0.09,1.58,0
2025-11-02 12:43:04,14.97,34.96,0.09,1.58,0
2025-11-02 12:43:04,14.95,35.0,0.09,1.58,0
2025-11-02 12:43:04,14.93,35.09,0.09,1.58,0
2025-11-02 12:43:04,14.92,35.14,0.09,1.58,0
2025-11-02 12:43:04,14.9,35.2,0.09,1.58,0
2025-11-02 12:43:04,14.88,35.21,0.09,1.58,0
2025-11-02 12:43:04,14.86,35.16,0.09,1.58,0
2025-11-02 12:43:04,14.85,35.2,0.09,1.58,0
2025-11-02 12:43:04,14.94,35.2,0.09,1.58,0
2025-11-02 12:43:04,14.93,35.21,0.09,1.58,0
2025-11-02 12:43:04,15.02,35.21,0.09,1.58,0
2025-11-02 12:43:04,15.01,35.17,0.09,1.58,0
2025-11-02 12:43:04,14.99,35.12,0.09,1.58,0
2025-11-02 12:43:05,15.08,35.12,0.09,1.58,0
2025-11-02 12:43:05,15.18,35.12,0.09,1.58,0
2025-11-02 12:43:05,15.16,35.16,0.09,1.58,0
2025-11-02 12:43:05,15.26,35.16,0.09,1.58,0
2025-11-02 12:43:05,15.35,35.16,0.09,1.58,0
2025-11-02 12:43:05,15.44,35.16,0.09,1.58,0
2025-11-02 12:43:05,15.43,35.16,0.09,1.58,0
2025-11-02 12:43:05,15.41,35.14,0.09,1.58,0
2025-11-02 12:43:05,15.39,35.17,0.09,1.58,0
2025-11-02 12:43:05,15.38,35.17,0.09,1.58,0
2025-11-02 12:43:05,15.36,35.17,0.09,1.58,0
2025-11-02 12:43:05,15.34,35.21,0.09,1.58,0
2025-11-02 12:43:05,15.33,35.21,0.09,1.58,0
2025-11-02 12:43:05,15.31,35.21,0.09,1.58,0
2025-11-02 12:43:05,15.4,35.21,0.09,1.58,0
2025-11-02 12:43:05,15.38,35.24,0.09,1.58,0
2025-11-02 12:43:05,15.37,35.24,0.09,1.58,0
2025-11-02 12:43:05,15.35,35.24,0.09,1.58,0
2025-11-02 12:43:05,15.33,35.24,0.09,1.58,0
2025-11-02 12:43:05,15.43,35.24,0.09,1.58,0
2025-11-02 12:43:05,15.41,35.2,0.09,1.58,0
2025-11-02 12:43:05,15.5,35.2,0.09,1.58,0
2025-11-02 12:43:05,15.59,35.2,0.09,1.58,0
2025-11-02 12:43:05,15.69,35.2,0.09,1.58,0
2025-11-02 12:43:05,15.78,35.2,0.09,1.58,0
2025-11-02 12:43:05,15.87,35.2,0.09,1.58,0
2025-11-02 12:43:06,15.85,35.19,0.09,1.58,0
2025-11-02 12:43:06,15.94,35.19,0.09,1.58,0
2025-11-02 12:43:06,16.03,35.19,0.09,1.58,0
2025-11-02 12:43:06,16.13,35.19,0.09,1.58,0
2025-11-02 12:43:06,16.22,35.19,0.09,1.58,0
2025-11-02 12:43:06,16.31,35.19,0.09,1.58,0
2025-11-02 12:43:06,16.4,35.19,0.09,1.58,0
2025-11-02 12:43:06,16.49,35.19,0.09,1.58,0
2025-11-02 12:43:06,16.58,35.19,0.09,1.58,0
2025-11-02 12:43:06,16.67,35.19,0.09,1.58,0
2025-11-02 12:43:06,16.65,35.26,0.09,1.58,0
2025-11-02 12:43:06,16.74,35.26,0.09,1.58,0
2025-11-02 12:43:06,16.83,35.26,0.09,1.58,0
2025-11-02 12:43:06,16.92,35.26,0.09,1.58,0
2025-11-02 12:43:06,17.01,35.26,0.09,1.58,0
2025-11-02 12:43:06,17.09,35.26,0.09,1.58,0
2025-11-02 12:43:06,17.18,35.26,0.09,1.58,0
2025-11-02 12:43:06,17.27,35.26,0.09,1.58,0
2025-11-02 12:43:06,17.36,35.26,0.09,1.58,0
2025-11-02 12:43:06,17.45,35.26,0.09,1.58,0
2025-11-02 12:43:06,17.53,35.26,0.09,1.58,0
2025-11-02 12:43:06,17.62,35.26,0.09,1.58,0
2025-11-02 12:43:06,17.6,35.24,0.09,1.58,0
2025-11-02 12:43:06,17.69,35.24,0.09,1.58,0
2025-11-02 12:43:06,17.78,35.24,0.09,1.58,0
2025-11-02 12:43:07,17.76,35.19,0.09,1.58,0
2025-11-02 12:43:07,17.85,35.19,0.09,1.58,0
2025-11-02 12:43:07,17.93,35.19,0.09,1.58,0
2025-11-02 12:43:07,18.02,35.19,0.09,1.58,0
2025-11-02 12:43:07,18.11,35.19,0.09,1.58,0
2025-11-02 12:43:07,18.09,35.21,0.09,1.58,0
2025-11-02 12:43:07,18.17,35.21,0.09,1.58,0
2025-11-02 12:43:07,18.26,35.21,0.09,1.58,0
2025-11-02 12:43:07,18.34,35.21,0.09,1.58,0
2025-11-02 12:43:07,18.43,35.21,0.09,1.58,0
2025-11-02 12:43:07,18.51,35.21,0.09,1.58,0
2025-11-02 12:43:07,18.5,35.18,0.09,1.58,0
2025-11-02 12:43:07,18.58,35.18,0.09,1.58,0
2025-11-02 12:43:07,18.67,35.18,0.09,1.58,0
2025-11-02 12:43:07,18.75,35.18,0.09,1.58,0
2025-11-02 12:43:07,18.83,35.18,0.09,1.58,0
2025-11-02 12:43:07,18.92,35.18,0.09,1.58,0
2025-11-02 12:43:07,19.0,35.18,0.09,1.58,0
2025-11-02 12:43:07,19.09,35.18,0.09,1.58,0
2025-11-02 12:43:07,19.17,35.18,0.09,1.58,0
2025-11-02 12:43:07,19.25,35.18,0.09,1.58,0
2025-11-02 12:43:07,19.34,35.18,0.09,1.58,0
2025-11-02 12:43:08,19.42,35.18,0.09,1.58,0
2025-11-02 12:43:08,19.4,35.22,0.09,1.58,0
2025-11-02 12:43:08,19.48,35.22,0.09,1.58,0
2025-11-02 12:43:08,19.46,35.17,0.09,1.58,0
2025-11-02 12:43:08,19.44,35.11,0.09,1.58,0
2025-11-02 12:43:08,19.42,35.06,0.09,1.58,0
2025-11-02 12:43:08,19.4,34.96,0.09,1.58,0
2025-11-02 12:43:08,19.38,34.86,0.09,1.58,0
2025-11-02 12:43:08,19.47,34.86,0.09,1.58,0
2025-11-02 12:43:08,19.55,34.86,0.09,1.58,0
2025-11-02 12:43:08,19.63,34.86,0.09,1.58,0
2025-11-02 12:43:08,19.61,34.96,0.09,1.58,0
2025-11-02 12:43:08,19.59,34.91,0.09,1.58,0
2025-11-02 12:43:08,19.57,34.87,0.09,1.58,0
2025-11-02 12:43:08,19.55,34.87,0.09,1.58,0
2025-11-02 12:43:08,19.53,34.91,0.09,1.58,0
2025-11-02 12:43:08,19.51,34.86,0.09,1.58,0
2025-11-02 12:43:08,19.59,34.86,0.09,1.58,0
2025-11-02 12:43:09,19.57,34.81,0.09,1.58,0
2025-11-02 12:43:09,19.55,34.76,0.09,1.58,0
2025-11-02 12:43:09,19.64,34.76,0.09,1.58,0
2025-11-02 12:43:09,19.72,34.76,0.09,1.58,0
2025-11-02 12:43:09,19.8,34.76,0.09,1.58,0
2025-11-02 12:43:09,19.78,34.71,0.09,1.58,0
2025-11-02 12:43:09,19.86,34.71,0.09,1.58,0
2025-11-02 12:43:09,19.94,34.71,0.09,1.58,0
2025-11-02 12:43:09,20.02,34.71,0.09,1.58,0
2025-11-02 12:43:09,20.1,34.71,0.09,1.58,0
2025-11-02 12:43:09,20.18,34.71,0.09,1.58,0
2025-11-02 12:43:09,20.26,34.71,0.09,1.58,0
2025-11-02 12:43:09,20.34,34.71,0.09,1.58,0
2025-11-02 12:43:09,20.42,34.71,0.09,1.58,0
2025-11-02 12:43:09,20.5,34.71,0.09,1.58,0
2025-11-02 12:43:09,20.58,34.71,0.09,1.58,0
2025-11-02 12:43:09,20.66,34.71,0.09,1.58,0
2025-11-02 12:43:09,20.74,34.71,0.09,1.58,0
2025-11-02 12:43:09,20.82,34.71,0.09,1.58,0
2025-11-02 12:43:09,20.9,34.71,0.09,1.58,0
2025-11-02 12:43:10,20.87,34.66,0.09,1.58,0
2025-11-02 12:43:10,20.95,34.66,0.09,1.58,0
2025-11-02 12:43:10,21.03,34.66,0.09,1.58,0
2025-11-02 12:43:10,21.11,34.66,0.09,1.58,0
2025-11-02 12:43:10,21.19,34.66,0.09,1.58,0
2025-11-02 12:43:10,21.27,34.66,0.09,1.58,0
2025-11-02 12:43:10,21.34,34.66,0.09,1.58,0
2025-11-02 12:43:10,21.32,34.62,0.09,1.58,0
2025-11-02 12:43:10,21.4,34.62,0.09,1.58,0
2025-11-02 12:43:10,21.48,34.62,0.09,1.58,0
2025-11-02 12:43:10,21.56,34.62,0.09,1.58,0
2025-11-02 12:43:10,21.53,34.62,0.09,1.58,0
2025-11-02 12:43:10,21.51,34.62,0.09,1.58,0
2025-11-02 12:43:10,21.59,34.62,0.09,1.58,0
2025-11-02 12:43:10,21.67,34.62,0.09,1.58,0
2025-11-02 12:43:10,21.74,34.62,0.09,1.58,0
2025-11-02 12:43:10,21.82,34.62,0.09,1.58,0
2025-11-02 12:43:10,21.9,34.62,0.09,1.58,0
2025-11-02 12:43:10,21.97,34.62,0.09,1.58,0
2025-11-02 12:43:10,22.05,34.62,0.09,1.58,0
2025-11-02 12:43:10,22.12,34.62,0.09,1.58,0
2025-11-02 12:43:10,22.2,34.62,0.09,1.58,0
2025-11-02 12:43:10,22.18,34.56,0.09,1.58,0
2025-11-02 12:43:11,22.25,34.56,0.09,1.58,0
2025-11-02 12:43:11,22.23,34.52,0.09,1.58,0
2025-11-02 12:43:11,22.31,34.52,0.09,1.58,0
2025-11-02 12:43:11,22.38,34.52,0.09,1.58,0
2025-11-02 12:43:11,22.46,34.52,0.09,1.58,0
2025-11-02 12:43:11,22.53,34.52,0.09,1.58,0
2025-11-02 12:43:11,22.61,34.52,0.09,1.58,0
2025-11-02 12:43:11,22.68,34.52,0.09,1.58,0
2025-11-02 12:43:11,22.76,34.52,0.09,1.58,0
2025-11-02 12:43:11,22.83,34.52,0.09,1.58,0
2025-11-02 12:43:11,22.91,34.52,0.09,1.58,0
2025-11-02 12:43:11,22.98,34.52,0.09,1.58,0
2025-11-02 12:43:11,23.05,34.52,0.09,1.58,0
2025-11-02 12:43:11,23.13,34.52,0.09,1.58,0
2025-11-02 12:43:11,23.11,34.48,0.1,1.58,0
2025-11-02 12:43:11,23.18,34.48,0.1,1.58,0
2025-11-02 12:43:11,23.25,34.48,0.1,1.58,0
2025-11-02 12:43:11,23.33,34.48,0.1,1.58,0
2025-11-02 12:43:12,23.4,34.48,0.1,1.58,0
2025-11-02 12:43:12,23.47,34.48,0.1,1.58,0
2025-11-02 12:43:12,23.55,34.48,0.1,1.58,0
2025-11-02 12:43:12,23.62,34.48,0.1,1.58,0
2025-11-02 12:43:12,23.69,34.48,0.1,1.58,0
2025-11-02 12:43:12,23.76,34.48,0.1,1.58,0
2025-11-02 12:43:12,23.84,34.48,0.1,1.58,0
2025-11-02 12:43:12,23.91,34.48,0.1,1.58,0
2025-11-02 12:43:12,23.98,34.48,0.1,1.58,0
2025-11-02 12:43:12,23.96,34.43,0.1,1.58,0
2025-11-02 12:43:12,24.03,34.43,0.1,1.58,0
2025-11-02 12:43:12,24.01,34.38,0.1,1.58,0
2025-11-02 12:43:12,24.08,34.38,0.1,1.58,0
2025-11-02 12:43:12,24.15,34.38,0.1,1.58,0
2025-11-02 12:43:12,24.22,34.38,0.1,1.58,0
2025-11-02 12:43:12,24.29,34.38,0.1,1.58,0
2025-11-02 12:43:12,24.37,34.38,0.1,1.58,0
2025-11-02 12:43:12,24.44,34.38,0.1,1.58,0
2025-11-02 12:43:12,24.51,34.38,0.1,1.58,0
2025-11-02 12:43:12,24.58,34.38,0.1,1.58,0
2025-11-02 12:43:13,24.65,34.38,0.1,1.58,0
2025-11-02 12:43:13,24.72,34.38,0.1,1.58,0
2025-11-02 12:43:13,24.79,34.38,0.1,1.58,0
2025-11-02 12:43:13,24.86,34.38,0.1,1.58,0
2025-11-02 12:43:13,24.93,34.38,0.1,1.58,0
2025-11-02 12:43:13,25.0,34.38,0.1,1.58,0
2025-11-02 12:43:13,25.07,34.38,0.1,1.58,0
2025-11-02 12:43:13,25.14,34.38,0.1,1.58,0
2025-11-02 12:43:13,25.21,34.38,0.1,1.58,0
2025-11-02 12:43:13,25.28,34.38,0.1,1.58,0
2025-11-02 12:43:13,25.35,34.38,0.1,1.58,0
2025-11-02 12:43:13,25.42,34.38,0.1,1.58,0
2025-11-02 12:43:13,25.49,34.38,0.1,1.58,0
2025-11-02 12:43:13,25.46,34.31,0.1,1.58,0
2025-11-02 12:43:13,25.53,34.31,0.1,1.58,0
2025-11-02 12:43:13,25.6,34.31,0.1,1.58,0
2025-11-02 12:43:13,25.67,34.31,0.1,1.58,0
2025-11-02 12:43:13,25.65,34.29,0.1,1.58,0
2025-11-02 12:43:13,25.71,34.29,0.1,1.58,0
2025-11-02 12:43:13,25.78,34.29,0.1,1.58,0
2025-11-02 12:43:14,25.85,34.29,0.1,1.58,0
2025-11-02 12:43:14,25.92,34.29,0.1,1.58,0
2025-11-02 12:43:14,25.99,34.29,0.1,1.58,0
2025-11-02 12:43:14,26.06,34.29,0.1,1.58,0
2025-11-02 12:43:14,26.12,34.29,0.1,1.58,0
2025-11-02 12:43:14,26.19,34.29,0.1,1.58,0
2025-11-02 12:43:14,26.26,34.29,0.1,1.58,0
2025-11-02 12:43:14,26.33,34.29,0.1,1.58,0
2025-11-02 12:43:14,26.39,34.29,0.1,1.58,0
2025-11-02 12:43:14,26.46,34.29,0.1,1.58,0
2025-11-02 12:43:14,26.53,34.29,0.1,1.58,0
2025-11-02 12:43:14,26.59,34.29,0.1,1.58,0
2025-11-02 12:43:14,26.66,34.29,0.1,1.58,0
2025-11-02 12:43:14,26.73,34.29,0.1,1.58,0
2025-11-02 12:43:14,26.79,34.29,0.1,1.58,0
2025-11-02 12:43:14,26.86,34.29,0.1,1.58,0
2025-11-02 12:43:14,26.93,34.29,0.1,1.58,0
2025-11-02 12:43:14,26.99,34.29,0.1,1.58,0
2025-11-02 12:43:14,27.06,34.29,0.1,1.58,0
2025-11-02 12:43:14,27.12,34.29,0.1,1.58,0
2025-11-02 12:43:14,27.19,34.29,0.1,1.58,0
2025-11-02 12:43:14,27.26,34.29,0.1,1.58,0
2025-11-02 12:43:14,27.32,34.29,0.1,1.58,0
2025-11-02 12:43:15,27.39,34.29,0.1,1.58,0
2025-11-02 12:43:15,27.45,34.29,0.1,1.58,0
2025-11-02 12:43:15,27.52,34.29,0.1,1.58,0
2025-11-02 12:43:15,27.58,34.29,0.1,1.58,0
2025-11-02 12:43:15,27.65,34.29,0.1,1.58,0
2025-11-02 12:43:15,27.62,34.24,0.1,1.58,0
2025-11-02 12:43:15,27.69,34.24,0.1,1.58,0
2025-11-02 12:43:15,27.75,34.24,0.1,1.58,0
2025-11-02 12:43:15,27.73,34.19,0.1,1.58,0
2025-11-02 12:43:15,27.7,34.15,0.1,1.58,0
2025-11-02 12:43:15,27.68,34.1,0.1,1.58,0
2025-11-02 12:43:15,27.74,34.1,0.1,1.58,0
2025-11-02 12:43:15,27.81,34.1,0.1,1.58,0
2025-11-02 12:43:15,27.78,34.05,0.1,1.58,0
2025-11-02 12:43:15,27.85,34.05,0.1,1.58,0
2025-11-02 12:43:15,27.91,34.05,0.1,1.58,0
2025-11-02 12:43:15,27.98,34.05,0.1,1.58,0
2025-11-02 12:43:15,27.95,34.0,0.1,1.58,0
2025-11-02 12:43:15,27.93,33.96,0.1,1.58,0
2025-11-02 12:43:16,27.99,33.96,0.1,1.58,0
2025-11-02 12:43:16,28.05,33.96,0.1,1.58,0
2025-11-02 12:43:16,28.12,33.96,0.1,1.58,0
2025-11-02 12:43:16,28.18,33.96,0.1,1.58,0
2025-11-02 12:43:16,28.24,33.96,0.1,1.58,0
2025-11-02 12:43:16,28.31,33.96,0.1,1.58,0
2025-11-02 12:43:16,28.28,33.93,0.1,1.58,0
2025-11-02 12:43:16,28.26,33.88,0.1,1.58,0
2025-11-02 12:43:16,28.32,33.88,0.1,1.58,0
2025-11-02 12:43:16,28.38,33.88,0.1,1.58,0
2025-11-02 12:43:16,28.45,33.88,0.1,1.58,0
2025-11-02 12:43:16,28.51,33.88,0.1,1.58,0
2025-11-02 12:43:16,28.57,33.88,0.1,1.58,0
2025-11-02 12:43:16,28.63,33.88,0.1,1.58,0
2025-11-02 12:43:16,28.7,33.88,0.1,1.58,0
2025-11-02 12:43:16,28.76,33.88,0.1,1.58,0
2025-11-02 12:43:16,28.82,33.88,0.1,1.58,0
2025-11-02 12:43:16,28.88,33.88,0.1,1.58,0
2025-11-02 12:43:16,28.86,33.84,0.1,1.58,0
2025-11-02 12:43:16,28.83,33.79,0.1,1.58,0
2025-11-02 12:43:17,28.81,33.74,0.1,1.58,0
2025-11-02 12:43:17,28.78,33.7,0.1,1.58,0
2025-11-02 12:43:17,28.84,33.7,0.1,1.58,0
2025-11-02 12:43:17,28.91,33.7,0.1,1.58,0
2025-11-02 12:43:17,28.97,33.7,0.1,1.58,0
2025-11-02 12:43:17,29.03,33.7,0.1,1.58,0
2025-11-02 12:43:17,29.09,33.7,0.1,1.58,0
2025-11-02 12:43:17,29.07,33.65,0.1,1.58,0
2025-11-02 12:43:17,29.04,33.6,0.1,1.58,0
2025-11-02 12:43:17,29.1,33.6,0.1,1.58,0
2025-11-02 12:43:17,29.08,33.55,0.1,1.58,0
2025-11-02 12:43:17,29.14,33.55,0.1,1.58,0
2025-11-02 12:43:17,29.2,33.55,0.1,1.58,0
2025-11-02 12:43:17,29.26,33.55,0.1,1.58,0
2025-11-02 12:43:17,29.32,33.55,0.1,1.58,0
2025-11-02 12:43:17,29.38,33.55,0.1,1.58,0
2025-11-02 12:43:17,29.44,33.55,0.1,1.58,0
2025-11-02 12:43:17,29.42,33.51,0.11,1.58,0
2025-11-02 12:43:17,29.39,33.47,0.11,1.58,0
2025-11-02 12:43:17,29.37,33.42,0.11,1.58,0
2025-11-02 12:43:17,29.34,33.37,0.11,1.58,0
2025-11-02 12:43:18,29.32,33.33,0.11,1.58,0
2025-11-02 12:43:18,29.29,33.29,0.11,1.58,0
2025-11-02 12:43:18,29.27,33.24,0.11,1.58,0
2025-11-02 12:43:18,29.24,33.19,0.11,1.58,0
2025-11-02 12:43:18,29.22,33.15,0.11,1.58,0
2025-11-02 12:43:18,29.19,33.1,0.11,1.58,0
2025-11-02 12:43:18,29.17,33.06,0.11,1.58,0
2025-11-02 12:43:18,29.23,33.06,0.11,1.58,0
2025-11-02 12:43:18,29.2,33.01,0.11,1.58,0
2025-11-02 12:43:18,29.26,33.01,0.11,1.58,0
2025-11-02 12:43:18,29.24,32.97,0.11,1.58,0
2025-11-02 12:43:18,29.21,32.92,0.11,1.58,0
2025-11-02 12:43:18,29.19,32.88,0.11,1.58,0
2025-11-02 12:43:18,29.16,32.83,0.11,1.58,0
2025-11-02 12:43:18,29.22,32.83,0.11,1.58,0
2025-11-02 12:43:18,29.2,32.81,0.11,1.58,0
2025-11-02 12:43:18,29.26,32.81,0.11,1.58,0
2025-11-02 12:43:18,29.32,32.81,0.11,1.58,0
2025-11-02 12:43:18,29.38,32.81,0.11,1.58,0
2025-11-02 12:43:18,29.35,32.78,0.11,1.58,0
2025-11-02 12:43:18,29.41,32.78,0.11,1.58,0
2025-11-02 12:43:18,29.47,32.78,0.11,1.58,0
2025-11-02 12:43:19,29.53,32.78,0.11,1.58,0
2025-11-02 12:43:19,29.59,32.78,0.11,1.58,0
2025-11-02 12:43:19,29.65,32.78,0.11,1.58,0
2025-11-02 12:43:19,29.71,32.78,0.11,1.58,0
2025-11-02 12:43:19,29.77,32.78,0.11,1.58,0
2025-11-02 12:43:19,29.82,32.78,0.11,1.58,0
2025-11-02 12:43:19,29.88,32.78,0.11,1.58,0
2025-11-02 12:43:19,29.86,32.74,0.11,1.58,0
2025-11-02 12:43:19,29.92,32.74,0.11,1.58,0
2025-11-02 12:43:19,29.98,32.74,0.11,1.58,0
2025-11-02 12:43:19,30.03,32.74,0.11,1.58,0
2025-11-02 12:43:19,30.01,32.69,0.11,1.58,0
2025-11-02 12:43:19,30.07,32.69,0.11,1.58,0
2025-11-02 12:43:19,30.12,32.69,0.11,1.58,0
2025-11-02 12:43:19,30.18,32.69,0.11,1.58,0
2025-11-02 12:43:19,30.16,32.65,0.11,1.58,0
2025-11-02 12:43:19,30.22,32.65,0.11,1.58,0
2025-11-02 12:43:19,30.19,32.62,0.11,1.58,0
2025-11-02 12:43:19,30.17,32.59,0.11,1.58,0
2025-11-02 12:43:19,30.14,32.54,0.11,1.58,0
2025-11-02 12:43:19,30.2,32.54,0.11,1.58,0
2025-11-02 12:43:19,30.17,32.51,0.11,1.58,0
2025-11-02 12:43:20,30.23,32.51,0.11,1.58,0
2025-11-02 12:43:20,30.21,32.47,0.11,1.58,0
2025-11-02 12:43:20,30.26,32.47,0.11,1.58,0
2025-11-02 12:43:20,30.32,32.47,0.11,1.58,0
2025-11-02 12:43:20,30.38,32.47,0.11,1.58,0
2025-11-02 12:43:20,30.35,32.43,0.11,1.58,0
2025-11-02 12:43:20,30.41,32.43,0.11,1.58,0
2025-11-02 12:43:20,30.47,32.43,0.11,1.58,0
2025-11-02 12:43:20,30.52,32.43,0.11,1.58,0
2025-11-02 12:43:20,30.5,32.39,0.11,1.58,0
2025-11-02 12:43:20,30.47,32.37,0.11,1.58,0
2025-11-02 12:43:20,30.53,32.37,0.11,1.58,0
2025-11-02 12:43:20,30.59,32.37,0.11,1.58,0
2025-11-02 12:43:20,30.64,32.37,0.11,1.58,0
2025-11-02 12:43:20,30.7,32.37,0.11,1.58,0
2025-11-02 12:43:20,30.76,32.37,0.11,1.58,0
2025-11-02 12:43:20,30.81,32.37,0.11,1.58,0
2025-11-02 12:43:20,30.87,32.37,0.11,1.58,0
2025-11-02 12:43:20,30.84,32.37,0.11,1.58,0
2025-11-02 12:43:20,30.9,32.37,0.11,1.58,0
2025-11-02 12:43:20,30.96,32.37,0.11,1.58,0
2025-11-02 12:43:21,31.01,32.37,0.11,1.58,0
2025-11-02 12:43:21,31.07,32.37,0.11,1.58,0
2025-11-02 12:43:21,31.12,32.37,0.11,1.58,0
2025-11-02 12:43:21,31.1,32.37,0.11,1.58,0
2025-11-02 12:43:21,31.07,32.37,0.11,1.58,0
2025-11-02 12:43:21,31.05,32.37,0.11,1.58,0
2025-11-02 12:43:21,31.1,32.37,0.11,1.58,0
