timestamp,blinks_per_min,avg_blink_duration,perclos,brow_raise,lip_distance,eye_openness,fatigue_level
2025-11-02 13:12:18,0.0,0,0.0,41.385,10.0,0.263,SEVERE
2025-11-02 13:12:18,0.0,0,0.0,38.788,6.0,0.223,SEVERE
2025-11-02 13:12:18,0.0,0,0.0,36.674,7.0,0.217,SEVERE
2025-11-02 13:12:18,0.0,0,0.0,41.258,5.0,0.248,SEVERE
2025-11-02 13:12:18,0.0,0,0.0,41.099,7.0,0.219,SEVERE
2025-11-02 13:12:18,0.0,0,0.0,38.445,5.0,0.256,SEVERE
2025-11-02 13:12:19,0.0,0,0.0,42.795,6.0,0.248,SEVERE
2025-11-02 13:12:19,0.0,0,0.0,42.614,5.0,0.235,SEVERE
2025-11-02 13:12:19,0.0,0,0.0,40.125,5.099,0.212,SEVERE
2025-11-02 13:12:19,0.0,0,0.0,40.496,6.083,0.256,SEVERE
2025-11-02 13:12:19,0.0,0,0.0,43.227,6.0,0.243,SEVERE
2025-11-02 13:12:19,0.0,0,0.0,42.147,5.0,0.241,SEVERE
2025-11-02 13:12:19,0.0,0,0.0,42.147,8.0,0.246,SEVERE
2025-11-02 13:12:19,0.0,0,0.0,40.313,5.0,0.27,SEVERE
2025-11-02 13:12:19,0.0,0,0.0,42.796,4.0,0.29,SEVERE
2025-11-02 13:12:19,0.0,0,0.0,44.274,7.0,0.282,SEVERE
2025-11-02 13:12:19,0.0,0,0.0,37.314,9.22,0.258,SEVERE
2025-11-02 13:12:19,0.0,0,0.0,40.714,5.0,0.31,SEVERE
2025-11-02 13:12:19,0.0,0,0.0,43.419,6.0,0.292,SEVERE
2025-11-02 13:12:19,0.0,0,0.0,45.748,8.062,0.256,SEVERE
2025-11-02 13:12:19,0.0,0,0.0,44.953,4.123,0.273,SEVERE
2025-11-02 13:12:19,0.0,0,0.0,44.625,5.099,0.278,SEVERE
2025-11-02 13:12:19,0.0,0,0.0,42.452,5.0,0.235,SEVERE
2025-11-02 13:12:19,0.0,0,0.0,42.819,4.0,0.201,SEVERE
2025-11-02 13:12:19,0.0,0,0.0,41.258,6.083,0.191,SEVERE
2025-11-02 13:12:20,0.0,0,0.0,38.205,6.083,0.199,SEVERE
2025-11-02 13:12:20,0.0,0,0.0,45.678,5.0,0.226,SEVERE
2025-11-02 13:12:20,0.0,0,0.0,44.625,7.071,0.251,SEVERE
2025-11-02 13:12:20,0.0,0,0.0,43.128,8.0,0.272,SEVERE
2025-11-02 13:12:20,0.0,0,0.0,45.072,10.0,0.253,SEVERE
2025-11-02 13:12:20,0.0,0,0.0,43.827,5.0,0.268,SEVERE
2025-11-02 13:12:20,0.0,0,0.0,43.849,5.0,0.267,SEVERE
2025-11-02 13:12:20,0.0,0,0.0,40.636,5.099,0.28,SEVERE
2025-11-02 13:12:20,0.0,0,0.0,45.072,4.123,0.264,SEVERE
2025-11-02 13:12:20,0.0,0,0.0,41.331,8.062,0.263,SEVERE
2025-11-02 13:12:20,0.0,0,0.0,39.193,8.0,0.266,SEVERE
2025-11-02 13:12:20,0.0,0,0.0,39.235,8.0,0.256,SEVERE
2025-11-02 13:12:20,0.0,0,0.0,35.932,6.0,0.23,SEVERE
2025-11-02 13:12:20,0.0,0,0.0,30.264,5.0,0.212,SEVERE
2025-11-02 13:12:20,0.0,0,0.0,31.166,7.0,0.247,SEVERE
2025-11-02 13:12:20,0.0,0,0.0,31.666,4.123,0.259,SEVERE
2025-11-02 13:12:20,0.0,0,0.0,31.166,5.0,0.251,SEVERE
2025-11-02 13:12:20,0.0,0,0.0,27.839,5.0,0.232,SEVERE
2025-11-02 13:12:20,0.0,0,0.0,28.74,5.0,0.264,SEVERE
2025-11-02 13:12:21,0.0,0,0.0,27.018,4.0,0.271,SEVERE
2025-11-02 13:12:21,0.0,0,0.0,33.125,7.0,0.257,SEVERE
2025-11-02 13:12:21,0.0,0,0.0,31.464,5.0,0.245,SEVERE
2025-11-02 13:12:21,0.0,0,0.0,29.545,3.162,0.249,SEVERE
2025-11-02 13:12:21,0.0,0,0.0,31.745,3.162,0.231,SEVERE
2025-11-02 13:12:21,0.0,0,0.0,29.187,4.123,0.241,SEVERE
2025-11-02 13:12:21,0.0,0,0.0,30.885,3.0,0.238,SEVERE
2025-11-02 13:12:21,0.0,0,0.0,30.885,0.0,0.128,SEVERE
2025-11-02 13:12:21,0.0,0,0.0,34.059,1.0,0.175,SEVERE
2025-11-02 13:12:21,0.0,0,0.0,32.022,1.414,0.197,SEVERE
2025-11-02 13:12:21,0.0,0,0.0,29.477,2.0,0.129,SEVERE
2025-11-02 13:12:21,0.0,0,1.79,33.839,2.0,0.177,SEVERE
2025-11-02 13:12:21,0.0,0,3.51,32.825,1.414,0.176,SEVERE
2025-11-02 13:12:21,0.0,0,5.17,32.493,2.236,0.163,SEVERE
2025-11-02 13:12:21,0.0,0,6.78,26.958,1.0,0.212,SEVERE
2025-11-02 13:12:21,0.0,0,8.33,0,0,0,SEVERE
2025-11-02 13:12:21,0.0,0,9.84,0,0,0,SEVERE
2025-11-02 13:12:21,0.0,0,11.29,0,0,0,MILD
2025-11-02 13:12:21,0.0,0,12.7,0,0,0,MILD
2025-11-02 13:12:21,0.0,0,14.06,0,0,0,MILD
2025-11-02 13:12:21,0.0,0.433,13.85,25.554,2.236,0.328,MILD
2025-11-02 13:12:22,0.0,0.433,13.64,25.042,4.123,0.332,MILD
2025-11-02 13:12:22,0.0,0.433,13.43,23.397,2.236,0.292,MILD
2025-11-02 13:12:22,0.0,0.433,13.24,24.125,1.0,0.266,MILD
2025-11-02 13:12:22,0.0,0.433,13.04,24.402,3.162,0.301,MILD
2025-11-02 13:12:22,0.0,0.433,12.86,24.125,6.083,0.29,MILD
2025-11-02 13:12:22,0.0,0.433,12.68,25.042,7.0,0.247,MILD
2025-11-02 13:12:22,0.0,0.433,12.5,25.042,4.472,0.29,MILD
2025-11-02 13:12:22,0.0,0.433,12.33,24.314,1.414,0.33,MILD
2025-11-02 13:12:22,0.0,0.433,12.16,24.314,5.099,0.315,MILD
2025-11-02 13:12:22,0.0,0.433,12.0,26.144,2.236,0.293,MILD
2025-11-02 13:12:22,0.0,0.433,11.84,26.359,2.828,0.292,MILD
2025-11-02 13:12:22,0.0,0.433,11.69,26.359,3.606,0.268,MILD
2025-11-02 13:12:22,0.0,0.433,11.54,0,0,0,MILD
2025-11-02 13:12:22,0.0,0.433,11.39,28.685,4.123,0.254,MILD
2025-11-02 13:12:22,0.0,0.433,11.25,29.806,5.385,0.261,MILD
2025-11-02 13:12:22,0.0,0.433,11.11,0,0,0,MILD
2025-11-02 13:12:22,0.0,0.433,10.98,0,0,0,MILD
2025-11-02 13:12:22,0.0,0.433,10.84,33.001,3.606,0.243,MILD
2025-11-02 13:12:22,0.0,0.433,10.71,33.448,1.414,0.227,MILD
2025-11-02 13:12:23,0.0,0.433,10.59,36.644,4.472,0.281,MILD
2025-11-02 13:12:23,0.0,0.433,10.47,41.385,10.05,0.219,MILD
2025-11-02 13:12:23,0.0,0.433,10.34,40.277,3.0,0.26,MILD
2025-11-02 13:12:23,0.0,0.433,10.23,38.219,2.0,0.273,MILD
2025-11-02 13:12:23,0.0,0.433,10.11,41.214,2.236,0.279,MILD
2025-11-02 13:12:23,0.0,0.433,10.0,39.624,4.472,0.318,MILD
2025-11-02 13:12:23,0.0,0.433,9.89,33.526,2.236,0.222,FATIGUE
2025-11-02 13:12:23,0.0,0.433,9.78,31.301,5.385,0.231,FATIGUE
2025-11-02 13:12:23,0.0,0.433,9.68,29.359,2.236,0.336,FATIGUE
2025-11-02 13:12:23,0.0,0.433,9.57,0,0,0,FATIGUE
2025-11-02 13:12:23,0.0,0.433,9.47,0,0,0,FATIGUE
2025-11-02 13:12:23,0.0,0.433,9.38,30.038,1.0,0.262,FATIGUE
2025-11-02 13:12:23,0.0,0.433,9.28,34.5,5.099,0.26,FATIGUE
2025-11-02 13:12:23,0.0,0.433,10.2,31.396,1.0,0.21,MILD
2025-11-02 13:12:23,0.0,0.433,11.11,34.856,2.236,0.248,MILD
2025-11-02 13:12:23,0.0,0.269,11.0,34.723,4.472,0.264,MILD
2025-11-02 13:12:23,0.0,0.269,10.89,38.3,5.385,0.223,MILD
2025-11-02 13:12:23,0.0,0.269,10.78,42.825,5.385,0.239,MILD
2025-11-02 13:12:24,0.0,0.269,10.68,48.357,2.236,0.228,MILD
2025-11-02 13:12:24,0.0,0.269,10.58,51.324,1.414,0.226,MILD
2025-11-02 13:12:24,0.0,0.269,10.48,51.324,2.0,0.229,MILD
2025-11-02 13:12:24,0.0,0.269,11.32,51.06,2.236,0.199,MILD
2025-11-02 13:12:24,0.0,0.269,12.15,51.926,2.236,0.214,MILD
2025-11-02 13:12:24,0.0,0.269,12.96,54.929,2.828,0.198,MILD
2025-11-02 13:12:24,0.0,0.269,13.76,59.65,1.0,0.197,MILD
2025-11-02 13:12:24,0.0,0.269,14.55,60.223,2.0,0.19,MILD
2025-11-02 13:12:24,0.0,0.269,15.32,63.307,3.0,0.199,MILD
2025-11-02 13:12:24,0.0,0.269,16.07,67.674,2.236,0.222,MILD
2025-11-02 13:12:24,0.0,0.269,16.81,71.683,2.236,0.229,MILD
2025-11-02 13:12:24,0.0,0.326,16.67,66.658,2.236,0.286,MILD
2025-11-02 13:12:24,0.0,0.326,16.52,61.907,3.162,0.283,MILD
2025-11-02 13:12:24,0.0,0.326,16.38,60.577,1.0,0.259,MILD
2025-11-02 13:12:24,0.0,0.326,16.24,59.483,2.236,0.29,MILD
2025-11-02 13:12:24,0.0,0.326,16.1,58.199,1.414,0.294,MILD
2025-11-02 13:12:24,0.0,0.326,15.97,53.703,3.162,0.317,MILD
2025-11-02 13:12:24,0.0,0.326,15.83,54.361,3.606,0.272,MILD
2025-11-02 13:12:24,0.0,0.326,15.7,51.32,2.236,0.287,MILD
2025-11-02 13:12:25,0.0,0.326,15.57,51.785,1.414,0.29,MILD
2025-11-02 13:12:25,0.0,0.326,15.45,51.979,1.0,0.269,MILD
2025-11-02 13:12:25,0.0,0.326,15.32,53.308,2.0,0.279,MILD
2025-11-02 13:12:25,0.0,0.326,16.0,48.061,1.0,0.149,MILD
2025-11-02 13:12:25,0.0,0.326,16.67,45.276,2.236,0.202,MILD
2025-11-02 13:12:25,0.0,0.272,16.54,46.657,1.414,0.277,MILD
2025-11-02 13:12:25,0.0,0.272,16.41,43.612,1.0,0.31,MILD
2025-11-02 13:12:25,0.0,0.272,16.28,44.045,2.0,0.334,MILD
2025-11-02 13:12:25,0.0,0.272,16.15,44.226,1.0,0.281,MILD
2025-11-02 13:12:25,0.0,0.272,16.03,45.064,1.0,0.301,MILD
2025-11-02 13:12:25,0.0,0.272,15.91,45.607,0.0,0.296,MILD
2025-11-02 13:12:25,0.0,0.272,15.79,44.045,1.0,0.275,MILD
2025-11-02 13:12:25,0.0,0.272,15.67,47.804,0.0,0.272,MILD
2025-11-02 13:12:25,0.0,0.272,15.56,45.007,0.0,0.299,MILD
2025-11-02 13:12:25,0.0,0.272,15.44,46.623,1.0,0.279,MILD
2025-11-02 13:12:25,0.0,0.272,15.33,45.804,1.414,0.291,MILD
2025-11-02 13:12:25,0.0,0.272,15.22,48.014,1.414,0.303,MILD
2025-11-02 13:12:25,0.0,0.272,15.11,48.022,0.0,0.322,MILD
2025-11-02 13:12:26,0.0,0.272,15.0,48.022,0.0,0.33,MILD
2025-11-02 13:12:26,0.0,0.272,14.89,46.404,1.0,0.33,MILD
2025-11-02 13:12:26,0.0,0.272,14.79,49.466,1.0,0.313,MILD
2025-11-02 13:12:26,0.0,0.272,15.38,46.623,1.0,0.216,MILD
2025-11-02 13:12:26,0.0,0.272,15.97,47.229,1.414,0.226,MILD
2025-11-02 13:12:26,0.0,0.272,16.55,47.229,0.0,0.218,MILD
2025-11-02 13:12:26,0.0,0.248,16.44,51.046,1.0,0.26,MILD
2025-11-02 13:12:26,0.0,0.248,16.33,49.187,1.0,0.285,MILD
2025-11-02 13:12:26,0.0,0.248,16.22,48.267,1.0,0.243,MILD
2025-11-02 13:12:26,0.0,0.248,16.78,45.064,0.0,0.209,MILD
2025-11-02 13:12:26,0.0,0.248,17.33,45.903,0.0,0.23,MILD
2025-11-02 13:12:26,0.0,0.248,17.88,46.127,1.0,0.211,MILD
2025-11-02 13:12:26,0.0,0.248,18.42,46.426,1.0,0.155,MILD
2025-11-02 13:12:26,0.0,0.248,18.95,47.361,0.0,0.132,MILD
2025-11-02 13:12:26,0.0,0.248,19.48,46.038,1.0,0.175,MILD
2025-11-02 13:12:26,0.0,0.248,20.0,45.903,1.0,0.186,FATIGUE
2025-11-02 13:12:26,0.0,0.248,20.51,46.256,1.414,0.234,FATIGUE
2025-11-02 13:12:26,0.0,0.248,21.02,47.033,1.0,0.212,FATIGUE
2025-11-02 13:12:26,0.0,0.248,21.52,45.629,1.0,0.212,FATIGUE
2025-11-02 13:12:27,0.0,0.301,21.38,46.568,0.0,0.263,FATIGUE
2025-11-02 13:12:27,0.0,0.301,21.88,43.118,1.414,0.213,FATIGUE
2025-11-02 13:12:27,0.0,0.301,22.36,43.837,1.0,0.202,FATIGUE
2025-11-02 13:12:27,0.0,0.301,22.84,46.162,1.414,0.133,FATIGUE
2025-11-02 13:12:27,0.0,0.301,23.31,47.307,1.414,0.144,FATIGUE
2025-11-02 13:12:27,0.0,0.301,23.78,46.426,1.0,0.183,FATIGUE
2025-11-02 13:12:27,0.0,0.301,24.24,45.032,0.0,0.229,FATIGUE
2025-11-02 13:12:27,0.0,0.305,24.1,45.791,1.0,0.257,FATIGUE
2025-11-02 13:12:27,0.0,0.305,23.95,44.142,2.0,0.27,FATIGUE
2025-11-02 13:12:27,0.0,0.305,23.81,44.369,1.0,0.274,FATIGUE
2025-11-02 13:12:27,0.0,0.305,23.67,45.385,2.236,0.267,FATIGUE
2025-11-02 13:12:27,0.0,0.305,23.53,44.274,0.0,0.289,FATIGUE
2025-11-02 13:12:27,0.0,0.305,23.39,45.791,5.099,0.31,FATIGUE
2025-11-02 13:12:27,0.0,0.305,23.26,47.307,2.236,0.296,FATIGUE
2025-11-02 13:12:27,0.0,0.305,23.12,45.791,2.0,0.253,FATIGUE
2025-11-02 13:12:27,0.0,0.305,22.99,45.791,2.0,0.256,FATIGUE
2025-11-02 13:12:27,0.0,0.305,22.86,44.274,3.162,0.243,FATIGUE
2025-11-02 13:12:27,0.0,0.305,23.3,47.055,5.099,0.184,FATIGUE
2025-11-02 13:12:27,0.0,0.305,23.73,45.533,4.123,0.141,FATIGUE
2025-11-02 13:12:27,0.0,0.305,24.16,45.072,4.123,0.119,FATIGUE
2025-11-02 13:12:28,0.0,0.305,24.58,47.307,4.123,0.175,FATIGUE
2025-11-02 13:12:28,0.0,0.292,24.44,44.274,3.162,0.265,FATIGUE
2025-11-02 13:12:28,0.0,0.292,24.31,44.758,4.0,0.27,FATIGUE
2025-11-02 13:12:28,0.0,0.292,24.18,44.455,2.236,0.253,FATIGUE
2025-11-02 13:12:28,0.0,0.292,24.04,43.494,3.162,0.277,FATIGUE
2025-11-02 13:12:28,0.0,0.292,23.91,44.455,4.0,0.294,FATIGUE
2025-11-02 13:12:28,0.0,0.292,23.78,45.791,4.123,0.274,FATIGUE
2025-11-02 13:12:28,0.0,0.292,23.66,44.158,3.162,0.273,FATIGUE
2025-11-02 13:12:28,0.0,0.292,23.53,46.568,3.162,0.285,FATIGUE
2025-11-02 13:12:28,0.0,0.292,23.4,44.902,3.162,0.283,FATIGUE
2025-11-02 13:12:28,0.0,0.292,23.28,44.902,3.162,0.292,FATIGUE
2025-11-02 13:12:28,0.0,0.292,23.16,44.142,2.236,0.274,FATIGUE
2025-11-02 13:12:28,0.0,0.292,23.04,44.902,3.162,0.294,FATIGUE
2025-11-02 13:12:28,0.0,0.292,22.92,44.902,4.123,0.286,FATIGUE
2025-11-02 13:12:28,0.0,0.292,22.8,44.142,4.123,0.273,FATIGUE
2025-11-02 13:12:28,0.0,0.292,22.68,44.455,4.123,0.29,FATIGUE
2025-11-02 13:12:28,0.0,0.292,22.56,43.827,4.123,0.296,FATIGUE
2025-11-02 13:12:28,0.0,0.292,22.45,44.758,4.123,0.294,FATIGUE
2025-11-02 13:12:28,0.0,0.292,22.34,46.256,5.0,0.312,FATIGUE
2025-11-02 13:12:28,0.0,0.292,22.22,45.962,4.0,0.303,FATIGUE
2025-11-02 13:12:29,0.0,0.292,22.11,46.568,5.099,0.291,FATIGUE
2025-11-02 13:12:29,0.0,0.292,22.0,44.902,5.099,0.301,FATIGUE
2025-11-02 13:12:29,0.0,0.292,21.89,45.554,4.0,0.295,FATIGUE
2025-11-02 13:12:29,0.0,0.292,21.78,44.902,5.0,0.304,FATIGUE
2025-11-02 13:12:29,0.0,0.292,21.67,45.791,4.0,0.305,FATIGUE
2025-11-02 13:12:29,0.0,0.292,21.57,46.568,6.083,0.312,FATIGUE
2025-11-02 13:12:29,0.0,0.292,21.46,44.274,5.0,0.303,FATIGUE
2025-11-02 13:12:29,0.0,0.292,21.36,44.142,5.0,0.281,FATIGUE
2025-11-02 13:12:29,0.0,0.292,21.26,44.274,5.0,0.297,FATIGUE
2025-11-02 13:12:29,0.0,0.292,21.15,42.796,5.0,0.293,FATIGUE
2025-11-02 13:12:29,0.0,0.292,21.05,44.816,4.0,0.284,FATIGUE
2025-11-02 13:12:29,0.0,0.292,20.95,44.142,5.0,0.284,FATIGUE
2025-11-02 13:12:29,0.0,0.292,20.85,43.695,6.083,0.317,FATIGUE
2025-11-02 13:12:29,0.0,0.292,20.75,41.385,4.0,0.289,FATIGUE
2025-11-02 13:12:29,0.0,0.292,20.66,43.695,3.0,0.317,FATIGUE
2025-11-02 13:12:29,0.0,0.292,20.56,44.902,2.0,0.309,FATIGUE
2025-11-02 13:12:29,0.0,0.292,20.47,44.902,1.414,0.321,FATIGUE
2025-11-02 13:12:29,0.0,0.292,20.37,44.902,2.0,0.304,FATIGUE
2025-11-02 13:12:29,0.0,0.292,20.28,43.263,3.162,0.319,FATIGUE
2025-11-02 13:12:30,0.0,0.292,20.18,44.758,4.0,0.311,FATIGUE
2025-11-02 13:12:30,0.0,0.292,20.09,44.902,4.0,0.308,FATIGUE
2025-11-02 13:12:30,0.0,0.292,20.0,40.983,3.162,0.302,FATIGUE
2025-11-02 13:12:30,0.0,0.292,19.91,41.258,2.236,0.293,MILD
2025-11-02 13:12:30,0.0,0.292,19.82,42.614,3.0,0.311,MILD
2025-11-02 13:12:30,0.0,0.292,19.73,42.614,2.0,0.298,MILD
2025-11-02 13:12:30,0.0,0.292,19.64,41.526,1.0,0.306,MILD
2025-11-02 13:12:30,0.0,0.292,20.0,43.899,2.0,0.157,FATIGUE
2025-11-02 13:12:30,0.0,0.292,20.35,44.274,1.0,0.157,FATIGUE
2025-11-02 13:12:30,0.0,0.292,20.7,43.395,2.0,0.168,FATIGUE
2025-11-02 13:12:30,0.0,0.292,21.05,42.614,1.0,0.243,FATIGUE
2025-11-02 13:12:30,0.0,0.282,20.96,43.263,3.0,0.266,FATIGUE
2025-11-02 13:12:30,0.0,0.282,20.87,41.746,2.0,0.289,FATIGUE
2025-11-02 13:12:30,0.0,0.282,20.78,40.983,1.0,0.288,FATIGUE
2025-11-02 13:12:30,0.0,0.282,20.69,42.395,1.0,0.329,FATIGUE
2025-11-02 13:12:30,0.0,0.282,20.6,44.022,2.236,0.32,FATIGUE
2025-11-02 13:12:30,0.0,0.282,20.51,43.263,2.0,0.329,FATIGUE
2025-11-02 13:12:30,0.0,0.282,20.43,41.124,3.0,0.338,FATIGUE
2025-11-02 13:12:30,0.0,0.282,20.34,42.147,1.0,0.321,FATIGUE
2025-11-02 13:12:31,0.0,0.282,20.25,42.395,2.0,0.309,FATIGUE
2025-11-02 13:12:31,0.0,0.282,20.17,40.983,1.0,0.313,FATIGUE
2025-11-02 13:12:31,0.0,0.282,20.08,42.395,2.0,0.319,FATIGUE
2025-11-02 13:12:31,0.0,0.282,20.0,41.746,2.0,0.312,FATIGUE
2025-11-02 13:12:31,0.0,0.282,19.92,38.207,2.0,0.293,MILD
2025-11-02 13:12:31,0.0,0.282,19.83,38.445,2.0,0.306,MILD
2025-11-02 13:12:31,0.0,0.282,19.75,37.098,2.0,0.302,MILD
2025-11-02 13:12:31,0.0,0.282,19.67,37.567,2.0,0.317,MILD
2025-11-02 13:12:31,0.0,0.282,19.59,37.098,5.0,0.311,MILD
2025-11-02 13:12:31,0.0,0.282,19.51,37.567,1.0,0.32,MILD
2025-11-02 13:12:31,0.0,0.282,19.43,37.305,1.0,0.322,MILD
2025-11-02 13:12:31,0.0,0.282,19.35,35.297,2.0,0.289,MILD
2025-11-02 13:12:31,0.0,0.282,19.28,35.297,2.0,0.292,MILD
2025-11-02 13:12:31,0.0,0.282,19.2,35.297,1.0,0.298,MILD
2025-11-02 13:12:31,0.0,0.282,19.12,36.49,2.236,0.298,MILD
2025-11-02 13:12:31,0.0,0.282,19.05,36.797,2.0,0.284,MILD
2025-11-02 13:12:31,0.0,0.282,18.97,38.638,2.0,0.28,MILD
2025-11-02 13:12:31,0.0,0.282,18.9,37.098,1.0,0.315,MILD
2025-11-02 13:12:32,0.0,0.282,18.82,34.804,0.0,0.302,MILD
2025-11-02 13:12:32,0.0,0.282,18.75,36.49,1.0,0.297,MILD
2025-11-02 13:12:32,0.0,0.282,18.68,37.567,1.0,0.289,MILD
2025-11-02 13:12:32,0.0,0.282,18.6,36.328,1.0,0.284,MILD
2025-11-02 13:12:32,0.0,0.282,18.53,35.903,0.0,0.282,MILD
2025-11-02 13:12:32,0.0,0.282,18.46,40.496,1.0,0.281,MILD
2025-11-02 13:12:32,0.0,0.282,18.39,42.147,3.0,0.275,MILD
2025-11-02 13:12:32,0.0,0.282,18.32,39.851,1.0,0.281,MILD
2025-11-02 13:12:32,0.0,0.282,18.25,41.992,4.123,0.294,MILD
2025-11-02 13:12:32,0.0,0.282,18.18,41.124,2.0,0.311,MILD
2025-11-02 13:12:32,0.0,0.282,18.11,42.614,3.162,0.303,MILD
2025-11-02 13:12:32,0.0,0.282,18.05,43.494,2.236,0.308,MILD
2025-11-02 13:12:32,0.0,0.282,17.98,39.723,4.123,0.305,MILD
2025-11-02 13:12:32,0.0,0.282,17.91,38.205,6.083,0.272,MILD
2025-11-02 13:12:32,0.0,0.282,17.84,38.652,4.123,0.277,MILD
2025-11-02 13:12:32,0.0,0.282,17.78,36.065,6.0,0.257,MILD
2025-11-02 13:12:32,0.0,0.282,17.71,36.385,7.28,0.292,MILD
2025-11-02 13:12:32,0.0,0.282,17.65,35.601,7.071,0.288,MILD
2025-11-02 13:12:32,0.0,0.282,17.58,35.492,4.123,0.29,MILD
2025-11-02 13:12:33,0.0,0.282,17.52,36.49,7.071,0.297,MILD
2025-11-02 13:12:33,0.0,0.282,17.45,34.532,8.062,0.284,MILD
2025-11-02 13:12:33,0.0,0.282,17.39,36.49,9.0,0.302,MILD
2025-11-02 13:12:33,0.0,0.282,17.33,37.263,8.0,0.284,MILD
2025-11-02 13:12:33,0.0,0.282,17.27,33.758,7.071,0.267,MILD
2025-11-02 13:12:33,0.0,0.282,17.2,36.986,3.606,0.312,MILD
2025-11-02 13:12:33,0.0,0.282,17.14,37.098,3.0,0.293,MILD
2025-11-02 13:12:33,0.0,0.282,17.08,34.357,1.0,0.301,MILD
2025-11-02 13:12:33,0.0,0.282,17.02,34.804,0.0,0.292,MILD
2025-11-02 13:12:33,0.0,0.282,16.96,35.693,0.0,0.297,MILD
2025-11-02 13:12:33,0.0,0.282,16.9,36.065,0.0,0.297,MILD
2025-11-02 13:12:33,0.0,0.282,16.84,34.992,1.0,0.315,MILD
2025-11-02 13:12:33,0.0,0.282,16.78,36.674,1.414,0.291,MILD
2025-11-02 13:12:33,0.0,0.282,16.72,36.209,2.0,0.27,MILD
2025-11-02 13:12:33,0.0,0.282,16.67,37.674,1.0,0.296,MILD
2025-11-02 13:12:33,0.0,0.282,16.61,33.185,1.0,0.301,MILD
2025-11-02 13:12:33,0.0,0.282,16.55,37.893,2.0,0.303,MILD
2025-11-02 13:12:33,0.0,0.282,16.49,38.523,1.0,0.324,MILD
2025-11-02 13:12:33,0.0,0.282,16.44,36.189,1.0,0.281,MILD
2025-11-02 13:12:33,0.0,0.282,16.38,36.824,1.0,0.289,MILD
2025-11-02 13:12:34,0.0,0.282,16.33,37.998,0.0,0.291,MILD
2025-11-02 13:12:34,0.0,0.282,16.27,37.594,0.0,0.291,MILD
2025-11-02 13:12:34,0.0,0.282,16.22,39.114,1.0,0.31,MILD
2025-11-02 13:12:34,0.0,0.282,16.16,37.998,1.0,0.312,MILD
2025-11-02 13:12:34,0.0,0.282,16.11,37.227,0.0,0.293,MILD
2025-11-02 13:12:34,0.0,0.282,16.05,36.189,0.0,0.303,MILD
2025-11-02 13:12:34,0.0,0.282,16.0,35.269,0.0,0.311,MILD
2025-11-02 13:12:34,0.0,0.282,15.95,36.189,0.0,0.289,MILD
2025-11-02 13:12:34,0.0,0.282,15.89,39.547,0.0,0.288,MILD
2025-11-02 13:12:34,0.0,0.282,15.84,38.803,0.0,0.294,MILD
2025-11-02 13:12:34,0.0,0.282,15.79,35.156,0.0,0.318,MILD
2025-11-02 13:12:34,0.0,0.282,15.74,41.134,2.0,0.326,MILD
2025-11-02 13:12:34,0.0,0.282,15.69,41.231,0.0,0.302,MILD
2025-11-02 13:12:34,0.0,0.282,15.64,39.924,0.0,0.291,MILD
2025-11-02 13:12:34,0.0,0.282,15.58,42.237,1.414,0.311,MILD
2025-11-02 13:12:34,0.0,0.282,15.53,42.284,0.0,0.308,MILD
2025-11-02 13:12:34,0.0,0.282,15.48,43.047,1.0,0.308,MILD
2025-11-02 13:12:34,0.0,0.282,15.43,40.216,0.0,0.286,MILD
2025-11-02 13:12:34,0.0,0.282,15.38,42.284,0.0,0.274,MILD
2025-11-02 13:12:35,0.0,0.282,15.34,42.956,1.0,0.247,MILD
2025-11-02 13:12:35,0.0,0.282,15.61,42.271,1.414,0.152,MILD
2025-11-02 13:12:35,0.0,0.282,15.87,40.958,1.414,0.229,MILD
2025-11-02 13:12:35,0.0,0.282,16.14,39.974,1.0,0.255,MILD
2025-11-02 13:12:35,0.0,0.272,16.09,41.639,0.0,0.26,MILD
2025-11-02 13:12:35,0.0,0.272,16.04,41.876,1.0,0.294,MILD
2025-11-02 13:12:35,0.0,0.272,15.99,40.958,1.0,0.255,MILD
2025-11-02 13:12:35,0.0,0.272,15.94,41.509,1.0,0.289,MILD
2025-11-02 13:12:35,0.0,0.272,15.89,41.876,1.0,0.26,MILD
2025-11-02 13:12:35,0.0,0.272,15.84,41.385,1.0,0.292,MILD
2025-11-02 13:12:35,0.0,0.272,15.79,43.954,1.0,0.285,MILD
2025-11-02 13:12:35,0.0,0.272,15.74,41.629,1.0,0.293,MILD
2025-11-02 13:12:35,0.0,0.272,15.69,44.142,1.0,0.317,MILD
2025-11-02 13:12:35,0.0,0.272,15.64,40.958,1.0,0.298,MILD
2025-11-02 13:12:35,0.0,0.272,15.6,42.956,1.0,0.315,MILD
2025-11-02 13:12:35,0.0,0.272,15.55,42.284,1.0,0.318,MILD
2025-11-02 13:12:35,0.0,0.272,15.5,43.287,1.0,0.319,MILD
2025-11-02 13:12:35,0.0,0.272,15.45,43.403,1.0,0.313,MILD
2025-11-02 13:12:36,0.0,0.272,15.41,42.547,0.0,0.288,MILD
2025-11-02 13:12:36,0.0,0.272,15.36,42.547,0.0,0.278,MILD
2025-11-02 13:12:36,0.0,0.272,15.32,41.629,1.0,0.276,MILD
2025-11-02 13:12:36,0.0,0.272,15.27,44.142,1.0,0.291,MILD
2025-11-02 13:12:36,0.0,0.272,15.22,42.284,1.0,0.235,MILD
2025-11-02 13:12:36,0.0,0.272,15.48,41.338,1.0,0.207,MILD
2025-11-02 13:12:36,0.0,0.272,15.73,41.385,0.0,0.178,MILD
2025-11-02 13:12:36,0.0,0.272,15.98,39.754,1.0,0.224,MILD
2025-11-02 13:12:36,0.0,0.272,16.22,41.167,1.0,0.181,MILD
2025-11-02 13:12:36,0.0,0.272,16.47,42.956,1.414,0.189,MILD
2025-11-02 13:12:36,0.0,0.272,16.72,42.956,2.0,0.199,MILD
2025-11-02 13:12:36,0.0,0.272,16.96,42.284,1.0,0.217,MILD
2025-11-02 13:12:36,0.0,0.272,17.2,41.629,1.0,0.253,MILD
2025-11-02 13:12:36,0.0,0.272,17.44,42.731,1.0,0.248,MILD
2025-11-02 13:12:36,0.0,0.291,17.39,41.11,2.0,0.267,MILD
2025-11-02 13:12:36,0.0,0.291,17.34,42.284,2.0,0.247,MILD
2025-11-02 13:12:36,0.0,0.291,17.29,44.142,2.0,0.245,MILD
2025-11-02 13:12:36,0.0,0.291,17.24,43.695,3.0,0.284,MILD
2025-11-02 13:12:37,0.0,0.291,17.19,44.098,1.414,0.282,MILD
2025-11-02 13:12:37,0.0,0.291,17.14,42.056,0.0,0.282,MILD
2025-11-02 13:12:37,0.0,0.291,17.09,44.816,1.0,0.31,MILD
2025-11-02 13:12:37,0.0,0.291,17.05,41.852,1.0,0.294,MILD
2025-11-02 13:12:37,0.0,0.291,17.0,43.047,1.0,0.256,MILD
2025-11-02 13:12:37,0.0,0.291,16.95,42.284,0.0,0.293,MILD
2025-11-02 13:12:37,0.0,0.291,16.9,41.385,0.0,0.274,MILD
2025-11-02 13:12:37,0.0,0.291,16.85,42.284,0.0,0.284,MILD
2025-11-02 13:12:37,0.0,0.291,16.81,42.056,1.0,0.292,MILD
2025-11-02 13:12:37,0.0,0.291,16.76,41.385,1.0,0.266,MILD
2025-11-02 13:12:37,0.0,0.291,16.71,42.523,1.0,0.282,MILD
2025-11-02 13:12:37,0.0,0.291,16.67,42.056,1.0,0.25,MILD
2025-11-02 13:12:37,0.0,0.291,16.62,42.731,2.0,0.282,MILD
2025-11-02 13:12:37,0.0,0.291,16.57,44.603,1.414,0.279,MILD
2025-11-02 13:12:37,0.0,0.291,16.53,42.056,2.0,0.307,MILD
2025-11-02 13:12:37,0.0,0.291,16.48,40.643,3.162,0.244,MILD
2025-11-02 13:12:37,0.0,0.291,16.44,43.695,2.0,0.281,MILD
2025-11-02 13:12:37,0.0,0.291,16.39,42.731,2.0,0.28,MILD
2025-11-02 13:12:38,0.0,0.291,16.35,43.047,1.0,0.249,MILD
2025-11-02 13:12:38,0.0,0.291,16.3,40.643,2.0,0.264,MILD
2025-11-02 13:12:38,0.0,0.291,16.26,43.403,2.0,0.276,MILD
2025-11-02 13:12:38,0.0,0.291,16.22,42.523,2.0,0.281,MILD
2025-11-02 13:12:38,0.0,0.291,16.17,41.385,3.0,0.258,MILD
2025-11-02 13:12:38,0.0,0.291,16.13,43.403,3.0,0.277,MILD
2025-11-02 13:12:38,0.0,0.291,16.09,42.731,3.162,0.284,MILD
2025-11-02 13:12:38,0.0,0.291,16.04,39.754,2.0,0.276,MILD
2025-11-02 13:12:38,0.0,0.291,16.0,41.629,3.0,0.277,MILD
2025-11-02 13:12:38,0.0,0.291,15.96,43.695,2.0,0.277,MILD
2025-11-02 13:12:38,0.0,0.291,15.92,42.523,2.0,0.266,MILD
2025-11-02 13:12:38,0.0,0.291,15.87,40.643,1.414,0.271,MILD
2025-11-02 13:12:38,0.0,0.291,15.83,42.056,2.0,0.28,MILD
2025-11-02 13:12:38,0.0,0.291,15.79,42.956,1.0,0.299,MILD
2025-11-02 13:12:38,0.0,0.291,15.75,42.056,1.414,0.274,MILD
2025-11-02 13:12:38,0.0,0.291,15.71,43.263,1.0,0.283,MILD
2025-11-02 13:12:38,0.0,0.291,15.67,42.523,0.0,0.247,MILD
2025-11-02 13:12:38,0.0,0.291,15.89,45.277,1.414,0.193,MILD
2025-11-02 13:12:38,0.0,0.291,16.1,45.032,0.0,0.191,MILD
2025-11-02 13:12:39,0.0,0.291,16.32,43.695,1.414,0.191,MILD
2025-11-02 13:12:39,0.0,0.291,16.54,43.047,1.0,0.227,MILD
2025-11-02 13:12:39,0.0,0.291,16.75,44.142,1.0,0.215,MILD
2025-11-02 13:12:39,0.0,0.291,16.97,45.706,2.236,0.193,MILD
2025-11-02 13:12:39,0.0,0.291,17.18,44.142,1.0,0.185,MILD
